category,name,relative_path,absolute_path,extension,bytes,last_write_time
game_mechanics,activetag.zip,game mechanics\activetag.zip,C:\Users\dferr\OneDrive\Desktop\DocRoshi-Fighter-Factory\game mechanics\activetag.zip,.zip,17083,2026-06-14T08:45:22
game_mechanics,add004ikemen20200830a62.zip,game mechanics\add004ikemen20200830a62.zip,C:\Users\dferr\OneDrive\Desktop\DocRoshi-Fighter-Factory\game mechanics\add004ikemen20200830a62.zip,.zip,3426381,2026-06-14T13:46:53
game_mechanics,Alice.rar,game mechanics\Alice.rar,C:\Users\dferr\OneDrive\Desktop\DocRoshi-Fighter-Factory\game mechanics\Alice.rar,.rar,7185146,2026-06-14T13:47:15
game_mechanics,alice_kof_AI(mugen1.1).zip,game mechanics\alice_kof_AI(mugen1.1).zip,C:\Users\dferr\OneDrive\Desktop\DocRoshi-Fighter-Factory\game mechanics\alice_kof_AI(mugen1.1).zip,.zip,78261,2026-06-14T13:47:20
game_mechanics,attackdata.zip,game mechanics\attackdata.zip,C:\Users\dferr\OneDrive\Desktop\DocRoshi-Fighter-Factory\game mechanics\attackdata.zip,.zip,6919,2026-06-14T08:45:32
game_mechanics,autostagecamera.zip,game mechanics\autostagecamera.zip,C:\Users\dferr\OneDrive\Desktop\DocRoshi-Fighter-Factory\game mechanics\autostagecamera.zip,.zip,4348,2026-06-14T08:46:15
game_mechanics,clashing.zip,game mechanics\clashing.zip,C:\Users\dferr\OneDrive\Desktop\DocRoshi-Fighter-Factory\game mechanics\clashing.zip,.zip,4043,2026-06-14T08:46:40
game_mechanics,dashcancel.zip,game mechanics\dashcancel.zip,C:\Users\dferr\OneDrive\Desktop\DocRoshi-Fighter-Factory\game mechanics\dashcancel.zip,.zip,6771,2026-06-14T08:45:54
game_mechanics,dramaticzoom.zip,game mechanics\dramaticzoom.zip,C:\Users\dferr\OneDrive\Desktop\DocRoshi-Fighter-Factory\game mechanics\dramaticzoom.zip,.zip,3671,2026-06-14T08:45:42
game_mechanics,Link.rar,game mechanics\Link.rar,C:\Users\dferr\OneDrive\Desktop\DocRoshi-Fighter-Factory\game mechanics\Link.rar,.rar,7552808,2026-06-14T13:48:49
game_mechanics,MvC2 Mouser Style Template.zip,game mechanics\MvC2 Mouser Style Template.zip,C:\Users\dferr\OneDrive\Desktop\DocRoshi-Fighter-Factory\game mechanics\MvC2 Mouser Style Template.zip,.zip,10658425,2026-06-14T13:49:39
game_mechanics,orochi-kyotag-13-02-26.7z,game mechanics\orochi-kyotag-13-02-26.7z,C:\Users\dferr\OneDrive\Desktop\DocRoshi-Fighter-Factory\game mechanics\orochi-kyotag-13-02-26.7z,.7z,189292,2026-06-14T13:45:15
game_mechanics,shadowassist.zip,game mechanics\shadowassist.zip,C:\Users\dferr\OneDrive\Desktop\DocRoshi-Fighter-Factory\game mechanics\shadowassist.zip,.zip,6933,2026-06-14T08:46:07
game_mechanics,SheHulkMVC.rar,game mechanics\SheHulkMVC.rar,C:\Users\dferr\OneDrive\Desktop\DocRoshi-Fighter-Factory\game mechanics\SheHulkMVC.rar,.rar,8631289,2026-06-14T13:47:47
game_mechanics,Vanessa.rar,game mechanics\Vanessa.rar,C:\Users\dferr\OneDrive\Desktop\DocRoshi-Fighter-Factory\game mechanics\Vanessa.rar,.rar,1783550,2026-06-14T13:49:29
game_mechanics,VPFG_2.6.rar,game mechanics\VPFG_2.6.rar,C:\Users\dferr\OneDrive\Desktop\DocRoshi-Fighter-Factory\game mechanics\VPFG_2.6.rar,.rar,130979947,2026-06-14T13:46:13
third_party_characters,Alucard.rar,third_party_characters\Alucard.rar,C:\Users\dferr\OneDrive\Desktop\DocRoshi-Fighter-Factory\third_party_characters\Alucard.rar,.rar,13982320,2026-06-14T09:53:01
third_party_characters,ananzi.zip,third_party_characters\ananzi.zip,C:\Users\dferr\OneDrive\Desktop\DocRoshi-Fighter-Factory\third_party_characters\ananzi.zip,.zip,7002611,2026-06-14T08:50:19
third_party_characters,animus.zip,third_party_characters\animus.zip,C:\Users\dferr\OneDrive\Desktop\DocRoshi-Fighter-Factory\third_party_characters\animus.zip,.zip,12544846,2026-06-14T08:50:29
third_party_characters,Balrog.zip,third_party_characters\Balrog.zip,C:\Users\dferr\OneDrive\Desktop\DocRoshi-Fighter-Factory\third_party_characters\Balrog.zip,.zip,68492412,2026-06-14T00:43:54
third_party_characters,Blanka HD.rar,third_party_characters\Blanka HD.rar,C:\Users\dferr\OneDrive\Desktop\DocRoshi-Fighter-Factory\third_party_characters\Blanka HD.rar,.rar,19055586,2026-06-14T00:42:36
third_party_characters,Cammy HD.zip,third_party_characters\Cammy HD.zip,C:\Users\dferr\OneDrive\Desktop\DocRoshi-Fighter-Factory\third_party_characters\Cammy HD.zip,.zip,10199766,2026-06-14T00:44:34
third_party_characters,Cervantes.zip,third_party_characters\Cervantes.zip,C:\Users\dferr\OneDrive\Desktop\DocRoshi-Fighter-Factory\third_party_characters\Cervantes.zip,.zip,12487240,2026-06-14T09:44:02
third_party_characters,CFJ_Cham_Cham.rar,third_party_characters\CFJ_Cham_Cham.rar,C:\Users\dferr\OneDrive\Desktop\DocRoshi-Fighter-Factory\third_party_characters\CFJ_Cham_Cham.rar,.rar,8723666,2026-06-14T09:48:33
third_party_characters,Chun-Li HD.rar,third_party_characters\Chun-Li HD.rar,C:\Users\dferr\OneDrive\Desktop\DocRoshi-Fighter-Factory\third_party_characters\Chun-Li HD.rar,.rar,22401776,2026-06-14T00:42:51
third_party_characters,CvS_Edward.rar,third_party_characters\CvS_Edward.rar,C:\Users\dferr\OneDrive\Desktop\DocRoshi-Fighter-Factory\third_party_characters\CvS_Edward.rar,.rar,15867296,2026-06-14T09:50:28
third_party_characters,CvS_Inferno.rar,third_party_characters\CvS_Inferno.rar,C:\Users\dferr\OneDrive\Desktop\DocRoshi-Fighter-Factory\third_party_characters\CvS_Inferno.rar,.rar,6802180,2026-06-14T09:50:17
third_party_characters,Dante_AI.zip,third_party_characters\Dante_AI.zip,C:\Users\dferr\OneDrive\Desktop\DocRoshi-Fighter-Factory\third_party_characters\Dante_AI.zip,.zip,12441523,2026-06-14T09:56:48
third_party_characters,Deadpool.rar,third_party_characters\Deadpool.rar,C:\Users\dferr\OneDrive\Desktop\DocRoshi-Fighter-Factory\third_party_characters\Deadpool.rar,.rar,16732287,2026-06-14T09:48:47
third_party_characters,Death Adder.zip,third_party_characters\Death Adder.zip,C:\Users\dferr\OneDrive\Desktop\DocRoshi-Fighter-Factory\third_party_characters\Death Adder.zip,.zip,5435146,2026-06-14T09:43:05
third_party_characters,Deejay HD.zip,third_party_characters\Deejay HD.zip,C:\Users\dferr\OneDrive\Desktop\DocRoshi-Fighter-Factory\third_party_characters\Deejay HD.zip,.zip,12969139,2026-06-14T00:44:11
third_party_characters,Dr.Doom.rar,third_party_characters\Dr.Doom.rar,C:\Users\dferr\OneDrive\Desktop\DocRoshi-Fighter-Factory\third_party_characters\Dr.Doom.rar,.rar,14804947,2026-06-14T09:48:54
third_party_characters,E. Honda HD.zip,third_party_characters\E. Honda HD.zip,C:\Users\dferr\OneDrive\Desktop\DocRoshi-Fighter-Factory\third_party_characters\E. Honda HD.zip,.zip,10413213,2026-06-14T00:46:10
third_party_characters,Electro.rar,third_party_characters\Electro.rar,C:\Users\dferr\OneDrive\Desktop\DocRoshi-Fighter-Factory\third_party_characters\Electro.rar,.rar,29619345,2026-06-14T09:42:04
third_party_characters,Elena.rar,third_party_characters\Elena.rar,C:\Users\dferr\OneDrive\Desktop\DocRoshi-Fighter-Factory\third_party_characters\Elena.rar,.rar,7716734,2026-06-14T09:45:33
third_party_characters,Evil Ken HD.rar,third_party_characters\Evil Ken HD.rar,C:\Users\dferr\OneDrive\Desktop\DocRoshi-Fighter-Factory\third_party_characters\Evil Ken HD.rar,.rar,12597661,2026-06-14T00:45:43
third_party_characters,Evil Ryu HD.zip,third_party_characters\Evil Ryu HD.zip,C:\Users\dferr\OneDrive\Desktop\DocRoshi-Fighter-Factory\third_party_characters\Evil Ryu HD.zip,.zip,15094194,2026-06-14T00:45:05
third_party_characters,Fei-Long HD.rar,third_party_characters\Fei-Long HD.rar,C:\Users\dferr\OneDrive\Desktop\DocRoshi-Fighter-Factory\third_party_characters\Fei-Long HD.rar,.rar,21365745,2026-06-14T00:42:19
third_party_characters,Felicia 01.rar,third_party_characters\Felicia 01.rar,C:\Users\dferr\OneDrive\Desktop\DocRoshi-Fighter-Factory\third_party_characters\Felicia 01.rar,.rar,7555444,2026-06-14T09:49:00
third_party_characters,final.zip,third_party_characters\final.zip,C:\Users\dferr\OneDrive\Desktop\DocRoshi-Fighter-Factory\third_party_characters\final.zip,.zip,16150443,2026-06-14T08:50:34
third_party_characters,Golbez.rar,third_party_characters\Golbez.rar,C:\Users\dferr\OneDrive\Desktop\DocRoshi-Fighter-Factory\third_party_characters\Golbez.rar,.rar,108187103,2026-06-14T09:54:02
third_party_characters,Gouki HD.zip,third_party_characters\Gouki HD.zip,C:\Users\dferr\OneDrive\Desktop\DocRoshi-Fighter-Factory\third_party_characters\Gouki HD.zip,.zip,11574286,2026-06-14T00:44:50
third_party_characters,guy_pots.zip,third_party_characters\guy_pots.zip,C:\Users\dferr\OneDrive\Desktop\DocRoshi-Fighter-Factory\third_party_characters\guy_pots.zip,.zip,5360176,2026-06-14T08:40:26
third_party_characters,hashi.zip,third_party_characters\hashi.zip,C:\Users\dferr\OneDrive\Desktop\DocRoshi-Fighter-Factory\third_party_characters\hashi.zip,.zip,11205048,2026-06-14T08:50:15
third_party_characters,irohapots.rar,third_party_characters\irohapots.rar,C:\Users\dferr\OneDrive\Desktop\DocRoshi-Fighter-Factory\third_party_characters\irohapots.rar,.rar,8041297,2026-06-14T09:48:20
third_party_characters,janos.zip,third_party_characters\janos.zip,C:\Users\dferr\OneDrive\Desktop\DocRoshi-Fighter-Factory\third_party_characters\janos.zip,.zip,18016050,2026-06-14T08:50:37
third_party_characters,Jin Saotome.rar,third_party_characters\Jin Saotome.rar,C:\Users\dferr\OneDrive\Desktop\DocRoshi-Fighter-Factory\third_party_characters\Jin Saotome.rar,.rar,8608894,2026-06-14T09:45:44
third_party_characters,Ken HD.rar,third_party_characters\Ken HD.rar,C:\Users\dferr\OneDrive\Desktop\DocRoshi-Fighter-Factory\third_party_characters\Ken HD.rar,.rar,26672220,2026-06-14T00:43:24
third_party_characters,lei-lei_pots.zip,third_party_characters\lei-lei_pots.zip,C:\Users\dferr\OneDrive\Desktop\DocRoshi-Fighter-Factory\third_party_characters\lei-lei_pots.zip,.zip,6843718,2026-06-14T08:40:45
third_party_characters,Linkv1.5.rar,third_party_characters\Linkv1.5.rar,C:\Users\dferr\OneDrive\Desktop\DocRoshi-Fighter-Factory\third_party_characters\Linkv1.5.rar,.rar,6621701,2026-06-14T09:50:47
third_party_characters,M.Bison (dictator) HD.rar,third_party_characters\M.Bison (dictator) HD.rar,C:\Users\dferr\OneDrive\Desktop\DocRoshi-Fighter-Factory\third_party_characters\M.Bison (dictator) HD.rar,.rar,16374539,2026-06-14T00:41:29
third_party_characters,magus.zip,third_party_characters\magus.zip,C:\Users\dferr\OneDrive\Desktop\DocRoshi-Fighter-Factory\third_party_characters\magus.zip,.zip,2309941,2026-06-14T09:55:18
third_party_characters,Megaman.rar,third_party_characters\Megaman.rar,C:\Users\dferr\OneDrive\Desktop\DocRoshi-Fighter-Factory\third_party_characters\Megaman.rar,.rar,11263250,2026-06-14T09:49:07
third_party_characters,noroko.zip,third_party_characters\noroko.zip,C:\Users\dferr\OneDrive\Desktop\DocRoshi-Fighter-Factory\third_party_characters\noroko.zip,.zip,16212573,2026-06-14T08:50:24
third_party_characters,peketo.zip,third_party_characters\peketo.zip,C:\Users\dferr\OneDrive\Desktop\DocRoshi-Fighter-Factory\third_party_characters\peketo.zip,.zip,8196847,2026-06-14T08:50:05
third_party_characters,Psylocke.rar,third_party_characters\Psylocke.rar,C:\Users\dferr\OneDrive\Desktop\DocRoshi-Fighter-Factory\third_party_characters\Psylocke.rar,.rar,6301997,2026-06-14T09:48:38
third_party_characters,Rogue.rar,third_party_characters\Rogue.rar,C:\Users\dferr\OneDrive\Desktop\DocRoshi-Fighter-Factory\third_party_characters\Rogue.rar,.rar,22714543,2026-06-14T09:49:13
third_party_characters,Ryu HD.rar,third_party_characters\Ryu HD.rar,C:\Users\dferr\OneDrive\Desktop\DocRoshi-Fighter-Factory\third_party_characters\Ryu HD.rar,.rar,28278932,2026-06-14T00:43:10
third_party_characters,Samus_CvS.rar,third_party_characters\Samus_CvS.rar,C:\Users\dferr\OneDrive\Desktop\DocRoshi-Fighter-Factory\third_party_characters\Samus_CvS.rar,.rar,5263383,2026-06-14T09:42:51
third_party_characters,SimonBelmont(CvS).rar,third_party_characters\SimonBelmont(CvS).rar,C:\Users\dferr\OneDrive\Desktop\DocRoshi-Fighter-Factory\third_party_characters\SimonBelmont(CvS).rar,.rar,3371297,2026-06-14T09:53:29
third_party_characters,Solid Snake.zip,third_party_characters\Solid Snake.zip,C:\Users\dferr\OneDrive\Desktop\DocRoshi-Fighter-Factory\third_party_characters\Solid Snake.zip,.zip,14094552,2026-06-14T09:43:34
third_party_characters,T. Hawk HD.zip,third_party_characters\T. Hawk HD.zip,C:\Users\dferr\OneDrive\Desktop\DocRoshi-Fighter-Factory\third_party_characters\T. Hawk HD.zip,.zip,11789603,2026-06-14T00:45:56
third_party_characters,VegetaZ2.rar,third_party_characters\VegetaZ2.rar,C:\Users\dferr\OneDrive\Desktop\DocRoshi-Fighter-Factory\third_party_characters\VegetaZ2.rar,.rar,43953463,2026-06-14T09:48:26
third_party_characters,Venom 01.rar,third_party_characters\Venom 01.rar,C:\Users\dferr\OneDrive\Desktop\DocRoshi-Fighter-Factory\third_party_characters\Venom 01.rar,.rar,8232630,2026-06-14T09:49:33
third_party_characters,Vergil_AI.zip,third_party_characters\Vergil_AI.zip,C:\Users\dferr\OneDrive\Desktop\DocRoshi-Fighter-Factory\third_party_characters\Vergil_AI.zip,.zip,10709346,2026-06-14T09:56:42
third_party_characters,Voldo.zip,third_party_characters\Voldo.zip,C:\Users\dferr\OneDrive\Desktop\DocRoshi-Fighter-Factory\third_party_characters\Voldo.zip,.zip,5139719,2026-06-14T09:43:40
third_party_characters,Yang.zip,third_party_characters\Yang.zip,C:\Users\dferr\OneDrive\Desktop\DocRoshi-Fighter-Factory\third_party_characters\Yang.zip,.zip,36710114,2026-06-14T14:00:27
third_party_characters,Yu.zip,third_party_characters\Yu.zip,C:\Users\dferr\OneDrive\Desktop\DocRoshi-Fighter-Factory\third_party_characters\Yu.zip,.zip,35521051,2026-06-14T14:00:38
third_party_characters,Yukiko.zip,third_party_characters\Yukiko.zip,C:\Users\dferr\OneDrive\Desktop\DocRoshi-Fighter-Factory\third_party_characters\Yukiko.zip,.zip,34773255,2026-06-14T14:00:52
third_party_characters,Yumi.zip,third_party_characters\Yumi.zip,C:\Users\dferr\OneDrive\Desktop\DocRoshi-Fighter-Factory\third_party_characters\Yumi.zip,.zip,38883137,2026-06-14T14:01:00
third_party_characters,Zangief HD.rar,third_party_characters\Zangief HD.rar,C:\Users\dferr\OneDrive\Desktop\DocRoshi-Fighter-Factory\third_party_characters\Zangief HD.rar,.rar,15354292,2026-06-14T00:43:37
third_party_characters,Zero.rar,third_party_characters\Zero.rar,C:\Users\dferr\OneDrive\Desktop\DocRoshi-Fighter-Factory\third_party_characters\Zero.rar,.rar,24351482,2026-06-14T09:49:22
third_party_characters,ZeroSuitSamus_CvS.rar,third_party_characters\ZeroSuitSamus_CvS.rar,C:\Users\dferr\OneDrive\Desktop\DocRoshi-Fighter-Factory\third_party_characters\ZeroSuitSamus_CvS.rar,.rar,4338539,2026-06-14T09:42:27
stages,Astral Birth Void Stage.zip,stages\Astral Birth Void Stage.zip,C:\Users\dferr\OneDrive\Desktop\DocRoshi-Fighter-Factory\stages\Astral Birth Void Stage.zip,.zip,4296568,2026-06-14T13:53:47
stages,Bowser 64 Stages.zip,stages\Bowser 64 Stages.zip,C:\Users\dferr\OneDrive\Desktop\DocRoshi-Fighter-Factory\stages\Bowser 64 Stages.zip,.zip,11202821,2026-06-14T13:53:32
stages,Dracula's Throne Room.zip,stages\Dracula's Throne Room.zip,C:\Users\dferr\OneDrive\Desktop\DocRoshi-Fighter-Factory\stages\Dracula's Throne Room.zip,.zip,11111340,2026-06-14T13:53:24
stages,England_sky.rar,stages\England_sky.rar,C:\Users\dferr\OneDrive\Desktop\DocRoshi-Fighter-Factory\stages\England_sky.rar,.rar,6024322,2026-06-14T00:54:25
stages,IpsenCastleOutside.zip,stages\IpsenCastleOutside.zip,C:\Users\dferr\OneDrive\Desktop\DocRoshi-Fighter-Factory\stages\IpsenCastleOutside.zip,.zip,7612829,2026-06-14T08:42:03
stages,KhuulJudgment.zip,stages\KhuulJudgment.zip,C:\Users\dferr\OneDrive\Desktop\DocRoshi-Fighter-Factory\stages\KhuulJudgment.zip,.zip,3185605,2026-06-14T08:44:19
stages,Marx Stage.zip,stages\Marx Stage.zip,C:\Users\dferr\OneDrive\Desktop\DocRoshi-Fighter-Factory\stages\Marx Stage.zip,.zip,10630084,2026-06-14T13:53:40
stages,NarukamiShrine.zip,stages\NarukamiShrine.zip,C:\Users\dferr\OneDrive\Desktop\DocRoshi-Fighter-Factory\stages\NarukamiShrine.zip,.zip,12703818,2026-06-14T08:42:22
stages,SSF2THDR_Blanka_Stage_1_1_720.zip,stages\SSF2THDR_Blanka_Stage_1_1_720.zip,C:\Users\dferr\OneDrive\Desktop\DocRoshi-Fighter-Factory\stages\SSF2THDR_Blanka_Stage_1_1_720.zip,.zip,16223114,2026-06-14T00:57:02
stages,SSF2THDR_DeeJay_Stage_1_1_720.zip,stages\SSF2THDR_DeeJay_Stage_1_1_720.zip,C:\Users\dferr\OneDrive\Desktop\DocRoshi-Fighter-Factory\stages\SSF2THDR_DeeJay_Stage_1_1_720.zip,.zip,14655816,2026-06-14T00:56:52
stages,SSF2THDR_Dhalsim_Stage_1_1_16.zip,stages\SSF2THDR_Dhalsim_Stage_1_1_16.zip,C:\Users\dferr\OneDrive\Desktop\DocRoshi-Fighter-Factory\stages\SSF2THDR_Dhalsim_Stage_1_1_16.zip,.zip,15639420,2026-06-14T00:56:45
stages,SSF2THDR_EHonda_Stage_SF2_1_1.zip,stages\SSF2THDR_EHonda_Stage_SF2_1_1.zip,C:\Users\dferr\OneDrive\Desktop\DocRoshi-Fighter-Factory\stages\SSF2THDR_EHonda_Stage_SF2_1_1.zip,.zip,14380077,2026-06-14T00:56:19
stages,SSF2THDR_Fei_Long_Stage_1_1_1.zip,stages\SSF2THDR_Fei_Long_Stage_1_1_1.zip,C:\Users\dferr\OneDrive\Desktop\DocRoshi-Fighter-Factory\stages\SSF2THDR_Fei_Long_Stage_1_1_1.zip,.zip,11966473,2026-06-14T00:56:37
stages,SSF2THDR_Guile_Stage_SF2CE_1_.zip,stages\SSF2THDR_Guile_Stage_SF2CE_1_.zip,C:\Users\dferr\OneDrive\Desktop\DocRoshi-Fighter-Factory\stages\SSF2THDR_Guile_Stage_SF2CE_1_.zip,.zip,16331318,2026-06-14T00:56:12
stages,SSF2THDR_Ken_Stage_1_1_9.zip,stages\SSF2THDR_Ken_Stage_1_1_9.zip,C:\Users\dferr\OneDrive\Desktop\DocRoshi-Fighter-Factory\stages\SSF2THDR_Ken_Stage_1_1_9.zip,.zip,15501608,2026-06-14T00:56:03
stages,SSF2THDR_M_Bison_Stage_1_1_16.zip,stages\SSF2THDR_M_Bison_Stage_1_1_16.zip,C:\Users\dferr\OneDrive\Desktop\DocRoshi-Fighter-Factory\stages\SSF2THDR_M_Bison_Stage_1_1_16.zip,.zip,4079094,2026-06-14T00:55:05
stages,SSF2THDR_Ryu_SF2_Stage_1_1_16.zip,stages\SSF2THDR_Ryu_SF2_Stage_1_1_16.zip,C:\Users\dferr\OneDrive\Desktop\DocRoshi-Fighter-Factory\stages\SSF2THDR_Ryu_SF2_Stage_1_1_16.zip,.zip,12689287,2026-06-14T00:55:16
stages,SSF2THDR_Ryu_Stage_1_1_9.zip,stages\SSF2THDR_Ryu_Stage_1_1_9.zip,C:\Users\dferr\OneDrive\Desktop\DocRoshi-Fighter-Factory\stages\SSF2THDR_Ryu_Stage_1_1_9.zip,.zip,13503452,2026-06-14T00:55:47
stages,SSF2THDR_Sagat_Stage_SF2_1_1_.zip,stages\SSF2THDR_Sagat_Stage_SF2_1_1_.zip,C:\Users\dferr\OneDrive\Desktop\DocRoshi-Fighter-Factory\stages\SSF2THDR_Sagat_Stage_SF2_1_1_.zip,.zip,8945150,2026-06-14T00:55:11
stages,SSF2THDR_THawk_Stage_1_1_9.zip,stages\SSF2THDR_THawk_Stage_1_1_9.zip,C:\Users\dferr\OneDrive\Desktop\DocRoshi-Fighter-Factory\stages\SSF2THDR_THawk_Stage_1_1_9.zip,.zip,15082885,2026-06-14T00:54:54
stages,SSF2THDR_Zangief_SF2_Stage_1_.zip,stages\SSF2THDR_Zangief_SF2_Stage_1_.zip,C:\Users\dferr\OneDrive\Desktop\DocRoshi-Fighter-Factory\stages\SSF2THDR_Zangief_SF2_Stage_1_.zip,.zip,15428513,2026-06-14T00:54:59
stages,SSF2THDR_Zangief_Stage.zip,stages\SSF2THDR_Zangief_Stage.zip,C:\Users\dferr\OneDrive\Desktop\DocRoshi-Fighter-Factory\stages\SSF2THDR_Zangief_Stage.zip,.zip,26885029,2026-06-14T00:54:45
stages,VacantLot.zip,stages\VacantLot.zip,C:\Users\dferr\OneDrive\Desktop\DocRoshi-Fighter-Factory\stages\VacantLot.zip,.zip,9650682,2026-06-14T08:44:03
stages,VinesweptMarket.zip,stages\VinesweptMarket.zip,C:\Users\dferr\OneDrive\Desktop\DocRoshi-Fighter-Factory\stages\VinesweptMarket.zip,.zip,4082608,2026-06-14T08:44:34
stages,VP_Ringout_Stages.rar,stages\VP_Ringout_Stages.rar,C:\Users\dferr\OneDrive\Desktop\DocRoshi-Fighter-Factory\stages\VP_Ringout_Stages.rar,.rar,4968310,2026-06-14T10:05:04
resource_downloads,archive_risk_scan.csv,resource_downloads\archive_risk_scan.csv,C:\Users\dferr\OneDrive\Desktop\DocRoshi-Fighter-Factory\resource_downloads\archive_risk_scan.csv,.csv,0,2026-06-14T13:32:42
resource_downloads,fightPatched.def,resource_downloads\character_references\fightPatched.def,C:\Users\dferr\OneDrive\Desktop\DocRoshi-Fighter-Factory\resource_downloads\character_references\fightPatched.def,.def,10245,2026-06-14T13:32:22
resource_downloads,MvC2_Mouser_Style_Template.zip,resource_downloads\character_references\MvC2_Mouser_Style_Template.zip,C:\Users\dferr\OneDrive\Desktop\DocRoshi-Fighter-Factory\resource_downloads\character_references\MvC2_Mouser_Style_Template.zip,.zip,10658425,2026-06-14T13:32:23
resource_downloads,SheHulkMVC.rar,resource_downloads\character_references\SheHulkMVC.rar,C:\Users\dferr\OneDrive\Desktop\DocRoshi-Fighter-Factory\resource_downloads\character_references\SheHulkMVC.rar,.rar,8631289,2026-06-14T13:24:26
resource_downloads,T.Hawk.rar,resource_downloads\character_references\T.Hawk.rar,C:\Users\dferr\OneDrive\Desktop\DocRoshi-Fighter-Factory\resource_downloads\character_references\T.Hawk.rar,.rar,7324278,2026-06-14T13:32:22
resource_downloads,download_manifest.json,resource_downloads\download_manifest.json,C:\Users\dferr\OneDrive\Desktop\DocRoshi-Fighter-Factory\resource_downloads\download_manifest.json,.json,142481,2026-06-14T13:32:24
resource_downloads,download_summary.json,resource_downloads\download_summary.json,C:\Users\dferr\OneDrive\Desktop\DocRoshi-Fighter-Factory\resource_downloads\download_summary.json,.json,4844,2026-06-14T13:32:56
resource_downloads,Adachi.zip,resource_downloads\ohmsby_drive_1p2lbejwkzXsMxxaRDtsQ-YISPxHXsEAi\Adachi.zip,C:\Users\dferr\OneDrive\Desktop\DocRoshi-Fighter-Factory\resource_downloads\ohmsby_drive_1p2lbejwkzXsMxxaRDtsQ-YISPxHXsEAi\Adachi.zip,.zip,45580882,2024-08-24T22:32:18
resource_downloads,Akame.zip,resource_downloads\ohmsby_drive_1p2lbejwkzXsMxxaRDtsQ-YISPxHXsEAi\Akame.zip,C:\Users\dferr\OneDrive\Desktop\DocRoshi-Fighter-Factory\resource_downloads\ohmsby_drive_1p2lbejwkzXsMxxaRDtsQ-YISPxHXsEAi\Akame.zip,.zip,16753587,2024-08-24T22:32:23
resource_downloads,Akatsuki.zip,resource_downloads\ohmsby_drive_1p2lbejwkzXsMxxaRDtsQ-YISPxHXsEAi\Akatsuki.zip,C:\Users\dferr\OneDrive\Desktop\DocRoshi-Fighter-Factory\resource_downloads\ohmsby_drive_1p2lbejwkzXsMxxaRDtsQ-YISPxHXsEAi\Akatsuki.zip,.zip,26199306,2024-08-24T22:32:27
resource_downloads,Aoko.zip,resource_downloads\ohmsby_drive_1p2lbejwkzXsMxxaRDtsQ-YISPxHXsEAi\Aoko.zip,C:\Users\dferr\OneDrive\Desktop\DocRoshi-Fighter-Factory\resource_downloads\ohmsby_drive_1p2lbejwkzXsMxxaRDtsQ-YISPxHXsEAi\Aoko.zip,.zip,37819531,2024-08-24T22:32:32
resource_downloads,Asuna.zip,resource_downloads\ohmsby_drive_1p2lbejwkzXsMxxaRDtsQ-YISPxHXsEAi\Asuna.zip,C:\Users\dferr\OneDrive\Desktop\DocRoshi-Fighter-Factory\resource_downloads\ohmsby_drive_1p2lbejwkzXsMxxaRDtsQ-YISPxHXsEAi\Asuna.zip,.zip,15449303,2024-08-24T22:32:35
resource_downloads,Azrael.zip,resource_downloads\ohmsby_drive_1p2lbejwkzXsMxxaRDtsQ-YISPxHXsEAi\Azrael.zip,C:\Users\dferr\OneDrive\Desktop\DocRoshi-Fighter-Factory\resource_downloads\ohmsby_drive_1p2lbejwkzXsMxxaRDtsQ-YISPxHXsEAi\Azrael.zip,.zip,41007244,2024-09-08T12:12:31
resource_downloads,Bisclavret.zip,resource_downloads\ohmsby_drive_1p2lbejwkzXsMxxaRDtsQ-YISPxHXsEAi\Bisclavret.zip,C:\Users\dferr\OneDrive\Desktop\DocRoshi-Fighter-Factory\resource_downloads\ohmsby_drive_1p2lbejwkzXsMxxaRDtsQ-YISPxHXsEAi\Bisclavret.zip,.zip,44799076,2024-08-24T22:32:43
resource_downloads,Blitztank.zip,resource_downloads\ohmsby_drive_1p2lbejwkzXsMxxaRDtsQ-YISPxHXsEAi\Blitztank.zip,C:\Users\dferr\OneDrive\Desktop\DocRoshi-Fighter-Factory\resource_downloads\ohmsby_drive_1p2lbejwkzXsMxxaRDtsQ-YISPxHXsEAi\Blitztank.zip,.zip,32928532,2024-08-24T22:32:47
resource_downloads,Bowser.zip,resource_downloads\ohmsby_drive_1p2lbejwkzXsMxxaRDtsQ-YISPxHXsEAi\Bowser.zip,C:\Users\dferr\OneDrive\Desktop\DocRoshi-Fighter-Factory\resource_downloads\ohmsby_drive_1p2lbejwkzXsMxxaRDtsQ-YISPxHXsEAi\Bowser.zip,.zip,96870033,2024-08-24T22:32:53
resource_downloads,Byleth.zip,resource_downloads\ohmsby_drive_1p2lbejwkzXsMxxaRDtsQ-YISPxHXsEAi\Byleth.zip,C:\Users\dferr\OneDrive\Desktop\DocRoshi-Fighter-Factory\resource_downloads\ohmsby_drive_1p2lbejwkzXsMxxaRDtsQ-YISPxHXsEAi\Byleth.zip,.zip,91582741,2024-08-24T22:32:58
resource_downloads,Carmine.zip,resource_downloads\ohmsby_drive_1p2lbejwkzXsMxxaRDtsQ-YISPxHXsEAi\Carmine.zip,C:\Users\dferr\OneDrive\Desktop\DocRoshi-Fighter-Factory\resource_downloads\ohmsby_drive_1p2lbejwkzXsMxxaRDtsQ-YISPxHXsEAi\Carmine.zip,.zip,25523691,2024-08-24T22:33:01
resource_downloads,Charlotte.zip,resource_downloads\ohmsby_drive_1p2lbejwkzXsMxxaRDtsQ-YISPxHXsEAi\Charlotte.zip,C:\Users\dferr\OneDrive\Desktop\DocRoshi-Fighter-Factory\resource_downloads\ohmsby_drive_1p2lbejwkzXsMxxaRDtsQ-YISPxHXsEAi\Charlotte.zip,.zip,12197810,2024-08-24T22:33:05
resource_downloads,Coco.zip,resource_downloads\ohmsby_drive_1p2lbejwkzXsMxxaRDtsQ-YISPxHXsEAi\Coco.zip,C:\Users\dferr\OneDrive\Desktop\DocRoshi-Fighter-Factory\resource_downloads\ohmsby_drive_1p2lbejwkzXsMxxaRDtsQ-YISPxHXsEAi\Coco.zip,.zip,21553087,2024-09-20T22:24:14
resource_downloads,DANoel.zip,resource_downloads\ohmsby_drive_1p2lbejwkzXsMxxaRDtsQ-YISPxHXsEAi\DANoel.zip,C:\Users\dferr\OneDrive\Desktop\DocRoshi-Fighter-Factory\resource_downloads\ohmsby_drive_1p2lbejwkzXsMxxaRDtsQ-YISPxHXsEAi\DANoel.zip,.zip,39149954,2024-08-24T22:33:08
resource_downloads,Dedede.zip,resource_downloads\ohmsby_drive_1p2lbejwkzXsMxxaRDtsQ-YISPxHXsEAi\Dedede.zip,C:\Users\dferr\OneDrive\Desktop\DocRoshi-Fighter-Factory\resource_downloads\ohmsby_drive_1p2lbejwkzXsMxxaRDtsQ-YISPxHXsEAi\Dedede.zip,.zip,45704413,2024-08-24T22:33:13
resource_downloads,Es.zip,resource_downloads\ohmsby_drive_1p2lbejwkzXsMxxaRDtsQ-YISPxHXsEAi\Es.zip,C:\Users\dferr\OneDrive\Desktop\DocRoshi-Fighter-Factory\resource_downloads\ohmsby_drive_1p2lbejwkzXsMxxaRDtsQ-YISPxHXsEAi\Es.zip,.zip,32280599,2024-08-24T22:33:17
resource_downloads,Faust.zip,resource_downloads\ohmsby_drive_1p2lbejwkzXsMxxaRDtsQ-YISPxHXsEAi\Faust.zip,C:\Users\dferr\OneDrive\Desktop\DocRoshi-Fighter-Factory\resource_downloads\ohmsby_drive_1p2lbejwkzXsMxxaRDtsQ-YISPxHXsEAi\Faust.zip,.zip,28029056,2024-08-24T22:33:22
resource_downloads,Gordeau.zip,resource_downloads\ohmsby_drive_1p2lbejwkzXsMxxaRDtsQ-YISPxHXsEAi\Gordeau.zip,C:\Users\dferr\OneDrive\Desktop\DocRoshi-Fighter-Factory\resource_downloads\ohmsby_drive_1p2lbejwkzXsMxxaRDtsQ-YISPxHXsEAi\Gordeau.zip,.zip,24938898,2024-09-08T12:12:41
resource_downloads,Heart.zip,resource_downloads\ohmsby_drive_1p2lbejwkzXsMxxaRDtsQ-YISPxHXsEAi\Heart.zip,C:\Users\dferr\OneDrive\Desktop\DocRoshi-Fighter-Factory\resource_downloads\ohmsby_drive_1p2lbejwkzXsMxxaRDtsQ-YISPxHXsEAi\Heart.zip,.zip,30510742,2024-08-24T22:33:31
resource_downloads,Hilda.zip,resource_downloads\ohmsby_drive_1p2lbejwkzXsMxxaRDtsQ-YISPxHXsEAi\Hilda.zip,C:\Users\dferr\OneDrive\Desktop\DocRoshi-Fighter-Factory\resource_downloads\ohmsby_drive_1p2lbejwkzXsMxxaRDtsQ-YISPxHXsEAi\Hilda.zip,.zip,30329265,2024-08-24T22:33:36
resource_downloads,Homura.zip,resource_downloads\ohmsby_drive_1p2lbejwkzXsMxxaRDtsQ-YISPxHXsEAi\Homura.zip,C:\Users\dferr\OneDrive\Desktop\DocRoshi-Fighter-Factory\resource_downloads\ohmsby_drive_1p2lbejwkzXsMxxaRDtsQ-YISPxHXsEAi\Homura.zip,.zip,37586905,2024-08-24T22:33:40
resource_downloads,Hyde.zip,resource_downloads\ohmsby_drive_1p2lbejwkzXsMxxaRDtsQ-YISPxHXsEAi\Hyde.zip,C:\Users\dferr\OneDrive\Desktop\DocRoshi-Fighter-Factory\resource_downloads\ohmsby_drive_1p2lbejwkzXsMxxaRDtsQ-YISPxHXsEAi\Hyde.zip,.zip,27282509,2024-08-24T22:33:44
resource_downloads,Iori.zip,resource_downloads\ohmsby_drive_1p2lbejwkzXsMxxaRDtsQ-YISPxHXsEAi\Iori.zip,C:\Users\dferr\OneDrive\Desktop\DocRoshi-Fighter-Factory\resource_downloads\ohmsby_drive_1p2lbejwkzXsMxxaRDtsQ-YISPxHXsEAi\Iori.zip,.zip,41996876,2024-08-24T22:33:49
resource_downloads,Isaac.zip,resource_downloads\ohmsby_drive_1p2lbejwkzXsMxxaRDtsQ-YISPxHXsEAi\Isaac.zip,C:\Users\dferr\OneDrive\Desktop\DocRoshi-Fighter-Factory\resource_downloads\ohmsby_drive_1p2lbejwkzXsMxxaRDtsQ-YISPxHXsEAi\Isaac.zip,.zip,17329108,2024-08-24T22:33:53
resource_downloads,Jin.zip,resource_downloads\ohmsby_drive_1p2lbejwkzXsMxxaRDtsQ-YISPxHXsEAi\Jin.zip,C:\Users\dferr\OneDrive\Desktop\DocRoshi-Fighter-Factory\resource_downloads\ohmsby_drive_1p2lbejwkzXsMxxaRDtsQ-YISPxHXsEAi\Jin.zip,.zip,33268324,2024-09-12T18:56:13
resource_downloads,Joker.zip,resource_downloads\ohmsby_drive_1p2lbejwkzXsMxxaRDtsQ-YISPxHXsEAi\Joker.zip,C:\Users\dferr\OneDrive\Desktop\DocRoshi-Fighter-Factory\resource_downloads\ohmsby_drive_1p2lbejwkzXsMxxaRDtsQ-YISPxHXsEAi\Joker.zip,.zip,65824219,2024-08-24T22:34:04
resource_downloads,Kirby.zip,resource_downloads\ohmsby_drive_1p2lbejwkzXsMxxaRDtsQ-YISPxHXsEAi\Kirby.zip,C:\Users\dferr\OneDrive\Desktop\DocRoshi-Fighter-Factory\resource_downloads\ohmsby_drive_1p2lbejwkzXsMxxaRDtsQ-YISPxHXsEAi\Kirby.zip,.zip,33766316,2024-08-24T22:34:08
resource_downloads,Kirito.zip,resource_downloads\ohmsby_drive_1p2lbejwkzXsMxxaRDtsQ-YISPxHXsEAi\Kirito.zip,C:\Users\dferr\OneDrive\Desktop\DocRoshi-Fighter-Factory\resource_downloads\ohmsby_drive_1p2lbejwkzXsMxxaRDtsQ-YISPxHXsEAi\Kirito.zip,.zip,19113415,2024-08-24T22:34:13
resource_downloads,Kohaku.zip,resource_downloads\ohmsby_drive_1p2lbejwkzXsMxxaRDtsQ-YISPxHXsEAi\Kohaku.zip,C:\Users\dferr\OneDrive\Desktop\DocRoshi-Fighter-Factory\resource_downloads\ohmsby_drive_1p2lbejwkzXsMxxaRDtsQ-YISPxHXsEAi\Kohaku.zip,.zip,30118546,2024-08-24T22:34:17
resource_downloads,Kokonoe.zip,resource_downloads\ohmsby_drive_1p2lbejwkzXsMxxaRDtsQ-YISPxHXsEAi\Kokonoe.zip,C:\Users\dferr\OneDrive\Desktop\DocRoshi-Fighter-Factory\resource_downloads\ohmsby_drive_1p2lbejwkzXsMxxaRDtsQ-YISPxHXsEAi\Kokonoe.zip,.zip,43492698,2024-08-24T22:34:21
resource_downloads,KRool.zip,resource_downloads\ohmsby_drive_1p2lbejwkzXsMxxaRDtsQ-YISPxHXsEAi\KRool.zip,C:\Users\dferr\OneDrive\Desktop\DocRoshi-Fighter-Factory\resource_downloads\ohmsby_drive_1p2lbejwkzXsMxxaRDtsQ-YISPxHXsEAi\KRool.zip,.zip,62843512,2024-08-24T22:34:27
resource_downloads,Kuroko.zip,resource_downloads\ohmsby_drive_1p2lbejwkzXsMxxaRDtsQ-YISPxHXsEAi\Kuroko.zip,C:\Users\dferr\OneDrive\Desktop\DocRoshi-Fighter-Factory\resource_downloads\ohmsby_drive_1p2lbejwkzXsMxxaRDtsQ-YISPxHXsEAi\Kuroko.zip,.zip,17563360,2024-09-08T12:12:47
resource_downloads,Ky.zip,resource_downloads\ohmsby_drive_1p2lbejwkzXsMxxaRDtsQ-YISPxHXsEAi\Ky.zip,C:\Users\dferr\OneDrive\Desktop\DocRoshi-Fighter-Factory\resource_downloads\ohmsby_drive_1p2lbejwkzXsMxxaRDtsQ-YISPxHXsEAi\Ky.zip,.zip,21825814,2024-08-24T22:34:34
resource_downloads,Lambda-11.zip,resource_downloads\ohmsby_drive_1p2lbejwkzXsMxxaRDtsQ-YISPxHXsEAi\Lambda-11.zip,C:\Users\dferr\OneDrive\Desktop\DocRoshi-Fighter-Factory\resource_downloads\ohmsby_drive_1p2lbejwkzXsMxxaRDtsQ-YISPxHXsEAi\Lambda-11.zip,.zip,48157781,2024-08-24T22:34:41
resource_downloads,Lina.zip,resource_downloads\ohmsby_drive_1p2lbejwkzXsMxxaRDtsQ-YISPxHXsEAi\Lina.zip,C:\Users\dferr\OneDrive\Desktop\DocRoshi-Fighter-Factory\resource_downloads\ohmsby_drive_1p2lbejwkzXsMxxaRDtsQ-YISPxHXsEAi\Lina.zip,.zip,36896490,2024-09-08T12:12:57
resource_downloads,Mai.zip,resource_downloads\ohmsby_drive_1p2lbejwkzXsMxxaRDtsQ-YISPxHXsEAi\Mai.zip,C:\Users\dferr\OneDrive\Desktop\DocRoshi-Fighter-Factory\resource_downloads\ohmsby_drive_1p2lbejwkzXsMxxaRDtsQ-YISPxHXsEAi\Mai.zip,.zip,36457098,2024-08-24T22:34:48
resource_downloads,Merkava.zip,resource_downloads\ohmsby_drive_1p2lbejwkzXsMxxaRDtsQ-YISPxHXsEAi\Merkava.zip,C:\Users\dferr\OneDrive\Desktop\DocRoshi-Fighter-Factory\resource_downloads\ohmsby_drive_1p2lbejwkzXsMxxaRDtsQ-YISPxHXsEAi\Merkava.zip,.zip,29310669,2024-08-24T22:34:54
resource_downloads,Metaknight.zip,resource_downloads\ohmsby_drive_1p2lbejwkzXsMxxaRDtsQ-YISPxHXsEAi\Metaknight.zip,C:\Users\dferr\OneDrive\Desktop\DocRoshi-Fighter-Factory\resource_downloads\ohmsby_drive_1p2lbejwkzXsMxxaRDtsQ-YISPxHXsEAi\Metaknight.zip,.zip,28136989,2024-08-24T22:34:58
resource_downloads,Mika.zip,resource_downloads\ohmsby_drive_1p2lbejwkzXsMxxaRDtsQ-YISPxHXsEAi\Mika.zip,C:\Users\dferr\OneDrive\Desktop\DocRoshi-Fighter-Factory\resource_downloads\ohmsby_drive_1p2lbejwkzXsMxxaRDtsQ-YISPxHXsEAi\Mika.zip,.zip,32600687,2024-08-24T22:35:02
resource_downloads,Misaka.zip,resource_downloads\ohmsby_drive_1p2lbejwkzXsMxxaRDtsQ-YISPxHXsEAi\Misaka.zip,C:\Users\dferr\OneDrive\Desktop\DocRoshi-Fighter-Factory\resource_downloads\ohmsby_drive_1p2lbejwkzXsMxxaRDtsQ-YISPxHXsEAi\Misaka.zip,.zip,15349295,2024-08-24T22:35:07
resource_downloads,Mitsuru.zip,resource_downloads\ohmsby_drive_1p2lbejwkzXsMxxaRDtsQ-YISPxHXsEAi\Mitsuru.zip,C:\Users\dferr\OneDrive\Desktop\DocRoshi-Fighter-Factory\resource_downloads\ohmsby_drive_1p2lbejwkzXsMxxaRDtsQ-YISPxHXsEAi\Mitsuru.zip,.zip,30856886,2024-08-24T22:35:12
resource_downloads,Nanase.zip,resource_downloads\ohmsby_drive_1p2lbejwkzXsMxxaRDtsQ-YISPxHXsEAi\Nanase.zip,C:\Users\dferr\OneDrive\Desktop\DocRoshi-Fighter-Factory\resource_downloads\ohmsby_drive_1p2lbejwkzXsMxxaRDtsQ-YISPxHXsEAi\Nanase.zip,.zip,23324515,2024-08-24T22:35:16
resource_downloads,PCiel.zip,resource_downloads\ohmsby_drive_1p2lbejwkzXsMxxaRDtsQ-YISPxHXsEAi\PCiel.zip,C:\Users\dferr\OneDrive\Desktop\DocRoshi-Fighter-Factory\resource_downloads\ohmsby_drive_1p2lbejwkzXsMxxaRDtsQ-YISPxHXsEAi\PCiel.zip,.zip,33680222,2024-08-24T22:35:21
resource_downloads,Pistrix.zip,resource_downloads\ohmsby_drive_1p2lbejwkzXsMxxaRDtsQ-YISPxHXsEAi\Pistrix.zip,C:\Users\dferr\OneDrive\Desktop\DocRoshi-Fighter-Factory\resource_downloads\ohmsby_drive_1p2lbejwkzXsMxxaRDtsQ-YISPxHXsEAi\Pistrix.zip,.zip,25836516,2024-08-24T22:35:24
resource_downloads,Plant.zip,resource_downloads\ohmsby_drive_1p2lbejwkzXsMxxaRDtsQ-YISPxHXsEAi\Plant.zip,C:\Users\dferr\OneDrive\Desktop\DocRoshi-Fighter-Factory\resource_downloads\ohmsby_drive_1p2lbejwkzXsMxxaRDtsQ-YISPxHXsEAi\Plant.zip,.zip,35653404,2024-08-24T22:35:27
resource_downloads,Pyra.zip,resource_downloads\ohmsby_drive_1p2lbejwkzXsMxxaRDtsQ-YISPxHXsEAi\Pyra.zip,C:\Users\dferr\OneDrive\Desktop\DocRoshi-Fighter-Factory\resource_downloads\ohmsby_drive_1p2lbejwkzXsMxxaRDtsQ-YISPxHXsEAi\Pyra.zip,.zip,74362736,2024-08-24T22:35:32
resource_downloads,Quote.zip,resource_downloads\ohmsby_drive_1p2lbejwkzXsMxxaRDtsQ-YISPxHXsEAi\Quote.zip,C:\Users\dferr\OneDrive\Desktop\DocRoshi-Fighter-Factory\resource_downloads\ohmsby_drive_1p2lbejwkzXsMxxaRDtsQ-YISPxHXsEAi\Quote.zip,.zip,14161363,2024-09-08T12:12:52
resource_downloads,Ragna.zip,resource_downloads\ohmsby_drive_1p2lbejwkzXsMxxaRDtsQ-YISPxHXsEAi\Ragna.zip,C:\Users\dferr\OneDrive\Desktop\DocRoshi-Fighter-Factory\resource_downloads\ohmsby_drive_1p2lbejwkzXsMxxaRDtsQ-YISPxHXsEAi\Ragna.zip,.zip,31261176,2024-08-24T22:46:59
resource_downloads,Ridley.zip,resource_downloads\ohmsby_drive_1p2lbejwkzXsMxxaRDtsQ-YISPxHXsEAi\Ridley.zip,C:\Users\dferr\OneDrive\Desktop\DocRoshi-Fighter-Factory\resource_downloads\ohmsby_drive_1p2lbejwkzXsMxxaRDtsQ-YISPxHXsEAi\Ridley.zip,.zip,100684095,2024-08-24T22:35:48
resource_downloads,Robo_Weiss.zip,resource_downloads\ohmsby_drive_1p2lbejwkzXsMxxaRDtsQ-YISPxHXsEAi\Robo_Weiss.zip,C:\Users\dferr\OneDrive\Desktop\DocRoshi-Fighter-Factory\resource_downloads\ohmsby_drive_1p2lbejwkzXsMxxaRDtsQ-YISPxHXsEAi\Robo_Weiss.zip,.zip,38902252,2024-08-24T22:35:51
resource_downloads,Ruby.zip,resource_downloads\ohmsby_drive_1p2lbejwkzXsMxxaRDtsQ-YISPxHXsEAi\Ruby.zip,C:\Users\dferr\OneDrive\Desktop\DocRoshi-Fighter-Factory\resource_downloads\ohmsby_drive_1p2lbejwkzXsMxxaRDtsQ-YISPxHXsEAi\Ruby.zip,.zip,31755564,2024-08-24T22:35:55
resource_downloads,Samus.zip,resource_downloads\ohmsby_drive_1p2lbejwkzXsMxxaRDtsQ-YISPxHXsEAi\Samus.zip,C:\Users\dferr\OneDrive\Desktop\DocRoshi-Fighter-Factory\resource_downloads\ohmsby_drive_1p2lbejwkzXsMxxaRDtsQ-YISPxHXsEAi\Samus.zip,.zip,41388114,2024-08-24T22:31:34
resource_downloads,Saya.zip,resource_downloads\ohmsby_drive_1p2lbejwkzXsMxxaRDtsQ-YISPxHXsEAi\Saya.zip,C:\Users\dferr\OneDrive\Desktop\DocRoshi-Fighter-Factory\resource_downloads\ohmsby_drive_1p2lbejwkzXsMxxaRDtsQ-YISPxHXsEAi\Saya.zip,.zip,19745480,2024-08-24T22:31:40
resource_downloads,Shana.zip,resource_downloads\ohmsby_drive_1p2lbejwkzXsMxxaRDtsQ-YISPxHXsEAi\Shana.zip,C:\Users\dferr\OneDrive\Desktop\DocRoshi-Fighter-Factory\resource_downloads\ohmsby_drive_1p2lbejwkzXsMxxaRDtsQ-YISPxHXsEAi\Shana.zip,.zip,24566897,2024-08-24T22:31:44
resource_downloads,Shantae.zip,resource_downloads\ohmsby_drive_1p2lbejwkzXsMxxaRDtsQ-YISPxHXsEAi\Shantae.zip,C:\Users\dferr\OneDrive\Desktop\DocRoshi-Fighter-Factory\resource_downloads\ohmsby_drive_1p2lbejwkzXsMxxaRDtsQ-YISPxHXsEAi\Shantae.zip,.zip,28705015,2024-08-25T15:18:34
resource_downloads,Sol.zip,resource_downloads\ohmsby_drive_1p2lbejwkzXsMxxaRDtsQ-YISPxHXsEAi\Sol.zip,C:\Users\dferr\OneDrive\Desktop\DocRoshi-Fighter-Factory\resource_downloads\ohmsby_drive_1p2lbejwkzXsMxxaRDtsQ-YISPxHXsEAi\Sol.zip,.zip,32746556,2024-08-24T22:31:53
resource_downloads,Susanoo.zip,resource_downloads\ohmsby_drive_1p2lbejwkzXsMxxaRDtsQ-YISPxHXsEAi\Susanoo.zip,C:\Users\dferr\OneDrive\Desktop\DocRoshi-Fighter-Factory\resource_downloads\ohmsby_drive_1p2lbejwkzXsMxxaRDtsQ-YISPxHXsEAi\Susanoo.zip,.zip,48528525,2024-08-24T22:31:56
resource_downloads,Tager.zip,resource_downloads\ohmsby_drive_1p2lbejwkzXsMxxaRDtsQ-YISPxHXsEAi\Tager.zip,C:\Users\dferr\OneDrive\Desktop\DocRoshi-Fighter-Factory\resource_downloads\ohmsby_drive_1p2lbejwkzXsMxxaRDtsQ-YISPxHXsEAi\Tager.zip,.zip,39324446,2024-08-24T22:32:01
resource_downloads,Taiga.zip,resource_downloads\ohmsby_drive_1p2lbejwkzXsMxxaRDtsQ-YISPxHXsEAi\Taiga.zip,C:\Users\dferr\OneDrive\Desktop\DocRoshi-Fighter-Factory\resource_downloads\ohmsby_drive_1p2lbejwkzXsMxxaRDtsQ-YISPxHXsEAi\Taiga.zip,.zip,18588086,2024-09-08T12:12:37
resource_downloads,Terumi.zip,resource_downloads\ohmsby_drive_1p2lbejwkzXsMxxaRDtsQ-YISPxHXsEAi\Terumi.zip,C:\Users\dferr\OneDrive\Desktop\DocRoshi-Fighter-Factory\resource_downloads\ohmsby_drive_1p2lbejwkzXsMxxaRDtsQ-YISPxHXsEAi\Terumi.zip,.zip,36223578,2024-08-24T22:32:09
resource_downloads,Thief.zip,resource_downloads\ohmsby_drive_1p2lbejwkzXsMxxaRDtsQ-YISPxHXsEAi\Thief.zip,C:\Users\dferr\OneDrive\Desktop\DocRoshi-Fighter-Factory\resource_downloads\ohmsby_drive_1p2lbejwkzXsMxxaRDtsQ-YISPxHXsEAi\Thief.zip,.zip,26204083,2024-08-24T22:32:14
resource_downloads,Vlov.zip,resource_downloads\ohmsby_drive_1p2lbejwkzXsMxxaRDtsQ-YISPxHXsEAi\Vlov.zip,C:\Users\dferr\OneDrive\Desktop\DocRoshi-Fighter-Factory\resource_downloads\ohmsby_drive_1p2lbejwkzXsMxxaRDtsQ-YISPxHXsEAi\Vlov.zip,.zip,41040095,2024-08-24T22:36:04
resource_downloads,WaddleDee.zip,resource_downloads\ohmsby_drive_1p2lbejwkzXsMxxaRDtsQ-YISPxHXsEAi\WaddleDee.zip,C:\Users\dferr\OneDrive\Desktop\DocRoshi-Fighter-Factory\resource_downloads\ohmsby_drive_1p2lbejwkzXsMxxaRDtsQ-YISPxHXsEAi\WaddleDee.zip,.zip,22801510,2024-08-24T22:36:07
resource_downloads,Wagner.zip,resource_downloads\ohmsby_drive_1p2lbejwkzXsMxxaRDtsQ-YISPxHXsEAi\Wagner.zip,C:\Users\dferr\OneDrive\Desktop\DocRoshi-Fighter-Factory\resource_downloads\ohmsby_drive_1p2lbejwkzXsMxxaRDtsQ-YISPxHXsEAi\Wagner.zip,.zip,27790411,2024-08-24T22:36:10
resource_downloads,Waldstein.zip,resource_downloads\ohmsby_drive_1p2lbejwkzXsMxxaRDtsQ-YISPxHXsEAi\Waldstein.zip,C:\Users\dferr\OneDrive\Desktop\DocRoshi-Fighter-Factory\resource_downloads\ohmsby_drive_1p2lbejwkzXsMxxaRDtsQ-YISPxHXsEAi\Waldstein.zip,.zip,39361051,2024-08-24T22:36:15
resource_downloads,Yang.zip,resource_downloads\ohmsby_drive_1p2lbejwkzXsMxxaRDtsQ-YISPxHXsEAi\Yang.zip,C:\Users\dferr\OneDrive\Desktop\DocRoshi-Fighter-Factory\resource_downloads\ohmsby_drive_1p2lbejwkzXsMxxaRDtsQ-YISPxHXsEAi\Yang.zip,.zip,36710114,2026-06-14T14:00:27
resource_downloads,Yu.zip,resource_downloads\ohmsby_drive_1p2lbejwkzXsMxxaRDtsQ-YISPxHXsEAi\Yu.zip,C:\Users\dferr\OneDrive\Desktop\DocRoshi-Fighter-Factory\resource_downloads\ohmsby_drive_1p2lbejwkzXsMxxaRDtsQ-YISPxHXsEAi\Yu.zip,.zip,35521051,2026-06-14T14:00:38
resource_downloads,Yukiko.zip,resource_downloads\ohmsby_drive_1p2lbejwkzXsMxxaRDtsQ-YISPxHXsEAi\Yukiko.zip,C:\Users\dferr\OneDrive\Desktop\DocRoshi-Fighter-Factory\resource_downloads\ohmsby_drive_1p2lbejwkzXsMxxaRDtsQ-YISPxHXsEAi\Yukiko.zip,.zip,34773255,2026-06-14T14:00:52
resource_downloads,Yumi.zip,resource_downloads\ohmsby_drive_1p2lbejwkzXsMxxaRDtsQ-YISPxHXsEAi\Yumi.zip,C:\Users\dferr\OneDrive\Desktop\DocRoshi-Fighter-Factory\resource_downloads\ohmsby_drive_1p2lbejwkzXsMxxaRDtsQ-YISPxHXsEAi\Yumi.zip,.zip,38883137,2026-06-14T14:01:00
resource_downloads,ohmsby_drive_1p2lbejwkzXsMxxaRDtsQ-YISPxHXsEAi_files.csv,resource_downloads\ohmsby_drive_1p2lbejwkzXsMxxaRDtsQ-YISPxHXsEAi_files.csv,C:\Users\dferr\OneDrive\Desktop\DocRoshi-Fighter-Factory\resource_downloads\ohmsby_drive_1p2lbejwkzXsMxxaRDtsQ-YISPxHXsEAi_files.csv,.csv,3377,2026-06-14T14:01:40
resource_downloads,ohmsby_drive_1p2lbejwkzXsMxxaRDtsQ-YISPxHXsEAi_manifest.json,resource_downloads\ohmsby_drive_1p2lbejwkzXsMxxaRDtsQ-YISPxHXsEAi_manifest.json,C:\Users\dferr\OneDrive\Desktop\DocRoshi-Fighter-Factory\resource_downloads\ohmsby_drive_1p2lbejwkzXsMxxaRDtsQ-YISPxHXsEAi_manifest.json,.json,2595,2026-06-14T13:59:44
resource_downloads,ohmsby_drive_1p2lbejwkzXsMxxaRDtsQ-YISPxHXsEAi_risk_scan.csv,resource_downloads\ohmsby_drive_1p2lbejwkzXsMxxaRDtsQ-YISPxHXsEAi_risk_scan.csv,C:\Users\dferr\OneDrive\Desktop\DocRoshi-Fighter-Factory\resource_downloads\ohmsby_drive_1p2lbejwkzXsMxxaRDtsQ-YISPxHXsEAi_risk_scan.csv,.csv,0,2026-06-14T14:01:40
resource_downloads,activetag.zip,resource_downloads\pots_addons\activetag.zip,C:\Users\dferr\OneDrive\Desktop\DocRoshi-Fighter-Factory\resource_downloads\pots_addons\activetag.zip,.zip,17083,2026-06-14T13:24:08
resource_downloads,attackdata.zip,resource_downloads\pots_addons\attackdata.zip,C:\Users\dferr\OneDrive\Desktop\DocRoshi-Fighter-Factory\resource_downloads\pots_addons\attackdata.zip,.zip,6919,2026-06-14T13:24:09
resource_downloads,autostagecamera.zip,resource_downloads\pots_addons\autostagecamera.zip,C:\Users\dferr\OneDrive\Desktop\DocRoshi-Fighter-Factory\resource_downloads\pots_addons\autostagecamera.zip,.zip,4348,2026-06-14T13:24:12
resource_downloads,clashing.zip,resource_downloads\pots_addons\clashing.zip,C:\Users\dferr\OneDrive\Desktop\DocRoshi-Fighter-Factory\resource_downloads\pots_addons\clashing.zip,.zip,4043,2026-06-14T13:24:12
resource_downloads,commentator_cvs2.zip,resource_downloads\pots_addons\commentator_cvs2.zip,C:\Users\dferr\OneDrive\Desktop\DocRoshi-Fighter-Factory\resource_downloads\pots_addons\commentator_cvs2.zip,.zip,281620,2026-06-14T13:24:19
resource_downloads,commentator_jr.zip,resource_downloads\pots_addons\commentator_jr.zip,C:\Users\dferr\OneDrive\Desktop\DocRoshi-Fighter-Factory\resource_downloads\pots_addons\commentator_jr.zip,.zip,21011766,2026-06-14T13:24:20
resource_downloads,cosmic_drift.zip,resource_downloads\pots_addons\cosmic_drift.zip,C:\Users\dferr\OneDrive\Desktop\DocRoshi-Fighter-Factory\resource_downloads\pots_addons\cosmic_drift.zip,.zip,20392935,2026-06-14T13:24:17
resource_downloads,dashcancel.zip,resource_downloads\pots_addons\dashcancel.zip,C:\Users\dferr\OneDrive\Desktop\DocRoshi-Fighter-Factory\resource_downloads\pots_addons\dashcancel.zip,.zip,6771,2026-06-14T13:24:10
resource_downloads,dramaticzoom.zip,resource_downloads\pots_addons\dramaticzoom.zip,C:\Users\dferr\OneDrive\Desktop\DocRoshi-Fighter-Factory\resource_downloads\pots_addons\dramaticzoom.zip,.zip,3671,2026-06-14T13:24:09
resource_downloads,mugen1_lifebar_double_remix.zip,resource_downloads\pots_addons\mugen1_lifebar_double_remix.zip,C:\Users\dferr\OneDrive\Desktop\DocRoshi-Fighter-Factory\resource_downloads\pots_addons\mugen1_lifebar_double_remix.zip,.zip,6693985,2026-06-14T13:24:16
resource_downloads,mugen1_lifebar_remix.zip,resource_downloads\pots_addons\mugen1_lifebar_remix.zip,C:\Users\dferr\OneDrive\Desktop\DocRoshi-Fighter-Factory\resource_downloads\pots_addons\mugen1_lifebar_remix.zip,.zip,1916833,2026-06-14T13:24:14
resource_downloads,mugen1_screenpack_remix.zip,resource_downloads\pots_addons\mugen1_screenpack_remix.zip,C:\Users\dferr\OneDrive\Desktop\DocRoshi-Fighter-Factory\resource_downloads\pots_addons\mugen1_screenpack_remix.zip,.zip,5755374,2026-06-14T13:24:15
resource_downloads,MvCcommon.rar,resource_downloads\pots_addons\MvCcommon.rar,C:\Users\dferr\OneDrive\Desktop\DocRoshi-Fighter-Factory\resource_downloads\pots_addons\MvCcommon.rar,.rar,11614,2026-06-14T13:22:11
resource_downloads,rainbowedition.zip,resource_downloads\pots_addons\rainbowedition.zip,C:\Users\dferr\OneDrive\Desktop\DocRoshi-Fighter-Factory\resource_downloads\pots_addons\rainbowedition.zip,.zip,5999,2026-06-14T13:24:18
resource_downloads,SFcommon.rar,resource_downloads\pots_addons\SFcommon.rar,C:\Users\dferr\OneDrive\Desktop\DocRoshi-Fighter-Factory\resource_downloads\pots_addons\SFcommon.rar,.rar,11091,2026-06-14T13:22:11
resource_downloads,shadowassist.zip,resource_downloads\pots_addons\shadowassist.zip,C:\Users\dferr\OneDrive\Desktop\DocRoshi-Fighter-Factory\resource_downloads\pots_addons\shadowassist.zip,.zip,6933,2026-06-14T13:24:11
resource_downloads,AbarayaVS2.zip,resource_downloads\pots_stages\AbarayaVS2.zip,C:\Users\dferr\OneDrive\Desktop\DocRoshi-Fighter-Factory\resource_downloads\pots_stages\AbarayaVS2.zip,.zip,2911650,2026-06-14T13:32:02
resource_downloads,AengmoreSkies.zip,resource_downloads\pots_stages\AengmoreSkies.zip,C:\Users\dferr\OneDrive\Desktop\DocRoshi-Fighter-Factory\resource_downloads\pots_stages\AengmoreSkies.zip,.zip,422018,2026-06-14T13:30:32
resource_downloads,Aethersporia.zip,resource_downloads\pots_stages\Aethersporia.zip,C:\Users\dferr\OneDrive\Desktop\DocRoshi-Fighter-Factory\resource_downloads\pots_stages\Aethersporia.zip,.zip,2640159,2026-06-14T13:32:10
resource_downloads,AlexandriaDuel.zip,resource_downloads\pots_stages\AlexandriaDuel.zip,C:\Users\dferr\OneDrive\Desktop\DocRoshi-Fighter-Factory\resource_downloads\pots_stages\AlexandriaDuel.zip,.zip,3290984,2026-06-14T13:29:24
resource_downloads,AlexandriaMainStreet.zip,resource_downloads\pots_stages\AlexandriaMainStreet.zip,C:\Users\dferr\OneDrive\Desktop\DocRoshi-Fighter-Factory\resource_downloads\pots_stages\AlexandriaMainStreet.zip,.zip,3787977,2026-06-14T13:30:20
resource_downloads,AncientTowerChasm.zip,resource_downloads\pots_stages\AncientTowerChasm.zip,C:\Users\dferr\OneDrive\Desktop\DocRoshi-Fighter-Factory\resource_downloads\pots_stages\AncientTowerChasm.zip,.zip,7232590,2026-06-14T13:29:40
resource_downloads,BarricadedStation.zip,resource_downloads\pots_stages\BarricadedStation.zip,C:\Users\dferr\OneDrive\Desktop\DocRoshi-Fighter-Factory\resource_downloads\pots_stages\BarricadedStation.zip,.zip,6973589,2026-06-14T13:30:39
resource_downloads,BeloshDen.zip,resource_downloads\pots_stages\BeloshDen.zip,C:\Users\dferr\OneDrive\Desktop\DocRoshi-Fighter-Factory\resource_downloads\pots_stages\BeloshDen.zip,.zip,3869270,2026-06-14T13:31:44
resource_downloads,BlightstoneCrypt.zip,resource_downloads\pots_stages\BlightstoneCrypt.zip,C:\Users\dferr\OneDrive\Desktop\DocRoshi-Fighter-Factory\resource_downloads\pots_stages\BlightstoneCrypt.zip,.zip,4540604,2026-06-14T13:31:53
resource_downloads,BoneTheCook.zip,resource_downloads\pots_stages\BoneTheCook.zip,C:\Users\dferr\OneDrive\Desktop\DocRoshi-Fighter-Factory\resource_downloads\pots_stages\BoneTheCook.zip,.zip,7932743,2026-06-14T13:30:31
resource_downloads,BurmeciaThrone.zip,resource_downloads\pots_stages\BurmeciaThrone.zip,C:\Users\dferr\OneDrive\Desktop\DocRoshi-Fighter-Factory\resource_downloads\pots_stages\BurmeciaThrone.zip,.zip,4594249,2026-06-14T13:32:06
resource_downloads,BurmeciaThroneHR.zip,resource_downloads\pots_stages\BurmeciaThroneHR.zip,C:\Users\dferr\OneDrive\Desktop\DocRoshi-Fighter-Factory\resource_downloads\pots_stages\BurmeciaThroneHR.zip,.zip,10792153,2026-06-14T13:30:53
resource_downloads,CargoShipDeck.zip,resource_downloads\pots_stages\CargoShipDeck.zip,C:\Users\dferr\OneDrive\Desktop\DocRoshi-Fighter-Factory\resource_downloads\pots_stages\CargoShipDeck.zip,.zip,3134654,2026-06-14T13:32:16
resource_downloads,ChaosDimension.zip,resource_downloads\pots_stages\ChaosDimension.zip,C:\Users\dferr\OneDrive\Desktop\DocRoshi-Fighter-Factory\resource_downloads\pots_stages\ChaosDimension.zip,.zip,1304447,2026-06-14T13:31:50
resource_downloads,ChaosDimensionAlt.zip,resource_downloads\pots_stages\ChaosDimensionAlt.zip,C:\Users\dferr\OneDrive\Desktop\DocRoshi-Fighter-Factory\resource_downloads\pots_stages\ChaosDimensionAlt.zip,.zip,1304472,2026-06-14T13:30:56
resource_downloads,ChessBattle.zip,resource_downloads\pots_stages\ChessBattle.zip,C:\Users\dferr\OneDrive\Desktop\DocRoshi-Fighter-Factory\resource_downloads\pots_stages\ChessBattle.zip,.zip,2567908,2026-06-14T13:32:01
resource_downloads,ClawedCitadel.zip,resource_downloads\pots_stages\ClawedCitadel.zip,C:\Users\dferr\OneDrive\Desktop\DocRoshi-Fighter-Factory\resource_downloads\pots_stages\ClawedCitadel.zip,.zip,3057556,2026-06-14T13:32:15
resource_downloads,CleyraObservationPost.zip,resource_downloads\pots_stages\CleyraObservationPost.zip,C:\Users\dferr\OneDrive\Desktop\DocRoshi-Fighter-Factory\resource_downloads\pots_stages\CleyraObservationPost.zip,.zip,3806801,2026-06-14T13:32:21
resource_downloads,CleyraTrunk.zip,resource_downloads\pots_stages\CleyraTrunk.zip,C:\Users\dferr\OneDrive\Desktop\DocRoshi-Fighter-Factory\resource_downloads\pots_stages\CleyraTrunk.zip,.zip,11445742,2026-06-14T13:30:26
resource_downloads,ComixZone.zip,resource_downloads\pots_stages\ComixZone.zip,C:\Users\dferr\OneDrive\Desktop\DocRoshi-Fighter-Factory\resource_downloads\pots_stages\ComixZone.zip,.zip,2111110,2026-06-14T13:31:54
resource_downloads,CosmicClearing.zip,resource_downloads\pots_stages\CosmicClearing.zip,C:\Users\dferr\OneDrive\Desktop\DocRoshi-Fighter-Factory\resource_downloads\pots_stages\CosmicClearing.zip,.zip,3200619,2026-06-14T13:31:45
resource_downloads,CrimsonProgeny.zip,resource_downloads\pots_stages\CrimsonProgeny.zip,C:\Users\dferr\OneDrive\Desktop\DocRoshi-Fighter-Factory\resource_downloads\pots_stages\CrimsonProgeny.zip,.zip,3725998,2026-06-14T13:31:38
resource_downloads,CrystalBloomCavern.zip,resource_downloads\pots_stages\CrystalBloomCavern.zip,C:\Users\dferr\OneDrive\Desktop\DocRoshi-Fighter-Factory\resource_downloads\pots_stages\CrystalBloomCavern.zip,.zip,3360902,2026-06-14T13:32:19
resource_downloads,CursedCapGrove.zip,resource_downloads\pots_stages\CursedCapGrove.zip,C:\Users\dferr\OneDrive\Desktop\DocRoshi-Fighter-Factory\resource_downloads\pots_stages\CursedCapGrove.zip,.zip,2933317,2026-06-14T13:30:40
resource_downloads,DaliLandingGround.zip,resource_downloads\pots_stages\DaliLandingGround.zip,C:\Users\dferr\OneDrive\Desktop\DocRoshi-Fighter-Factory\resource_downloads\pots_stages\DaliLandingGround.zip,.zip,2635807,2026-06-14T13:31:24
resource_downloads,DaobanTemple.zip,resource_downloads\pots_stages\DaobanTemple.zip,C:\Users\dferr\OneDrive\Desktop\DocRoshi-Fighter-Factory\resource_downloads\pots_stages\DaobanTemple.zip,.zip,3272430,2026-06-14T13:32:07
resource_downloads,DD-Amon.zip,resource_downloads\pots_stages\DD-Amon.zip,C:\Users\dferr\OneDrive\Desktop\DocRoshi-Fighter-Factory\resource_downloads\pots_stages\DD-Amon.zip,.zip,1181252,2026-06-14T13:29:20
resource_downloads,DDArena.zip,resource_downloads\pots_stages\DDArena.zip,C:\Users\dferr\OneDrive\Desktop\DocRoshi-Fighter-Factory\resource_downloads\pots_stages\DDArena.zip,.zip,988717,2026-06-14T13:30:17
resource_downloads,DDArena2.zip,resource_downloads\pots_stages\DDArena2.zip,C:\Users\dferr\OneDrive\Desktop\DocRoshi-Fighter-Factory\resource_downloads\pots_stages\DDArena2.zip,.zip,988664,2026-06-14T13:32:04
resource_downloads,DeadForest.zip,resource_downloads\pots_stages\DeadForest.zip,C:\Users\dferr\OneDrive\Desktop\DocRoshi-Fighter-Factory\resource_downloads\pots_stages\DeadForest.zip,.zip,4443024,2026-06-14T13:32:05
resource_downloads,DeathValleyStarry.zip,resource_downloads\pots_stages\DeathValleyStarry.zip,C:\Users\dferr\OneDrive\Desktop\DocRoshi-Fighter-Factory\resource_downloads\pots_stages\DeathValleyStarry.zip,.zip,123086,2026-06-14T13:29:16
resource_downloads,DeathValleyXvSF.zip,resource_downloads\pots_stages\DeathValleyXvSF.zip,C:\Users\dferr\OneDrive\Desktop\DocRoshi-Fighter-Factory\resource_downloads\pots_stages\DeathValleyXvSF.zip,.zip,63152,2026-06-14T13:30:24
resource_downloads,DeepSeaDeposit.zip,resource_downloads\pots_stages\DeepSeaDeposit.zip,C:\Users\dferr\OneDrive\Desktop\DocRoshi-Fighter-Factory\resource_downloads\pots_stages\DeepSeaDeposit.zip,.zip,2195562,2026-06-14T13:29:31
resource_downloads,DeepVioletHaze.zip,resource_downloads\pots_stages\DeepVioletHaze.zip,C:\Users\dferr\OneDrive\Desktop\DocRoshi-Fighter-Factory\resource_downloads\pots_stages\DeepVioletHaze.zip,.zip,3552058,2026-06-14T13:29:28
resource_downloads,DerelictChurch.zip,resource_downloads\pots_stages\DerelictChurch.zip,C:\Users\dferr\OneDrive\Desktop\DocRoshi-Fighter-Factory\resource_downloads\pots_stages\DerelictChurch.zip,.zip,3882300,2026-06-14T13:31:26
resource_downloads,DesertedChateauVS2.zip,resource_downloads\pots_stages\DesertedChateauVS2.zip,C:\Users\dferr\OneDrive\Desktop\DocRoshi-Fighter-Factory\resource_downloads\pots_stages\DesertedChateauVS2.zip,.zip,2989764,2026-06-14T13:31:05
resource_downloads,DesertRose.zip,resource_downloads\pots_stages\DesertRose.zip,C:\Users\dferr\OneDrive\Desktop\DocRoshi-Fighter-Factory\resource_downloads\pots_stages\DesertRose.zip,.zip,2935937,2026-06-14T13:30:45
resource_downloads,DreamsGodlyVoyeur.zip,resource_downloads\pots_stages\DreamsGodlyVoyeur.zip,C:\Users\dferr\OneDrive\Desktop\DocRoshi-Fighter-Factory\resource_downloads\pots_stages\DreamsGodlyVoyeur.zip,.zip,3233633,2026-06-14T13:32:17
resource_downloads,EarthHarp.zip,resource_downloads\pots_stages\EarthHarp.zip,C:\Users\dferr\OneDrive\Desktop\DocRoshi-Fighter-Factory\resource_downloads\pots_stages\EarthHarp.zip,.zip,3458542,2026-06-14T13:30:43
resource_downloads,EidolonWall.zip,resource_downloads\pots_stages\EidolonWall.zip,C:\Users\dferr\OneDrive\Desktop\DocRoshi-Fighter-Factory\resource_downloads\pots_stages\EidolonWall.zip,.zip,3675851,2026-06-14T13:30:14
resource_downloads,EntangledSanctuary.zip,resource_downloads\pots_stages\EntangledSanctuary.zip,C:\Users\dferr\OneDrive\Desktop\DocRoshi-Fighter-Factory\resource_downloads\pots_stages\EntangledSanctuary.zip,.zip,5890380,2026-06-14T13:29:39
resource_downloads,EvilForestLightClearing.zip,resource_downloads\pots_stages\EvilForestLightClearing.zip,C:\Users\dferr\OneDrive\Desktop\DocRoshi-Fighter-Factory\resource_downloads\pots_stages\EvilForestLightClearing.zip,.zip,3868169,2026-06-14T13:30:59
resource_downloads,FadingWraith.zip,resource_downloads\pots_stages\FadingWraith.zip,C:\Users\dferr\OneDrive\Desktop\DocRoshi-Fighter-Factory\resource_downloads\pots_stages\FadingWraith.zip,.zip,2786613,2026-06-14T13:29:48
resource_downloads,FF7Arena.zip,resource_downloads\pots_stages\FF7Arena.zip,C:\Users\dferr\OneDrive\Desktop\DocRoshi-Fighter-Factory\resource_downloads\pots_stages\FF7Arena.zip,.zip,1380699,2026-06-14T13:30:34
resource_downloads,ForsakenPlayground.zip,resource_downloads\pots_stages\ForsakenPlayground.zip,C:\Users\dferr\OneDrive\Desktop\DocRoshi-Fighter-Factory\resource_downloads\pots_stages\ForsakenPlayground.zip,.zip,2796985,2026-06-14T13:31:34
resource_downloads,GardenOfSorrow.zip,resource_downloads\pots_stages\GardenOfSorrow.zip,C:\Users\dferr\OneDrive\Desktop\DocRoshi-Fighter-Factory\resource_downloads\pots_stages\GardenOfSorrow.zip,.zip,736076,2026-06-14T13:31:49
resource_downloads,GardenOfSorrowBlue.zip,resource_downloads\pots_stages\GardenOfSorrowBlue.zip,C:\Users\dferr\OneDrive\Desktop\DocRoshi-Fighter-Factory\resource_downloads\pots_stages\GardenOfSorrowBlue.zip,.zip,735979,2026-06-14T13:30:57
resource_downloads,GardenOfSorrowGreen.zip,resource_downloads\pots_stages\GardenOfSorrowGreen.zip,C:\Users\dferr\OneDrive\Desktop\DocRoshi-Fighter-Factory\resource_downloads\pots_stages\GardenOfSorrowGreen.zip,.zip,735982,2026-06-14T13:31:00
resource_downloads,GeeseTower.zip,resource_downloads\pots_stages\GeeseTower.zip,C:\Users\dferr\OneDrive\Desktop\DocRoshi-Fighter-Factory\resource_downloads\pots_stages\GeeseTower.zip,.zip,1510445,2026-06-14T13:29:18
resource_downloads,GenbuTempleNight.zip,resource_downloads\pots_stages\GenbuTempleNight.zip,C:\Users\dferr\OneDrive\Desktop\DocRoshi-Fighter-Factory\resource_downloads\pots_stages\GenbuTempleNight.zip,.zip,7255792,2026-06-14T13:29:47
resource_downloads,GiantLastStand.zip,resource_downloads\pots_stages\GiantLastStand.zip,C:\Users\dferr\OneDrive\Desktop\DocRoshi-Fighter-Factory\resource_downloads\pots_stages\GiantLastStand.zip,.zip,3161824,2026-06-14T13:29:37
resource_downloads,Gokuentou.zip,resource_downloads\pots_stages\Gokuentou.zip,C:\Users\dferr\OneDrive\Desktop\DocRoshi-Fighter-Factory\resource_downloads\pots_stages\Gokuentou.zip,.zip,1016815,2026-06-14T13:30:19
resource_downloads,GoukenTempleAlt.zip,resource_downloads\pots_stages\GoukenTempleAlt.zip,C:\Users\dferr\OneDrive\Desktop\DocRoshi-Fighter-Factory\resource_downloads\pots_stages\GoukenTempleAlt.zip,.zip,2359767,2026-06-14T13:31:09
resource_downloads,GoukenTempleNight.zip,resource_downloads\pots_stages\GoukenTempleNight.zip,C:\Users\dferr\OneDrive\Desktop\DocRoshi-Fighter-Factory\resource_downloads\pots_stages\GoukenTempleNight.zip,.zip,2356347,2026-06-14T13:29:49
resource_downloads,GroveFallenHeroes.zip,resource_downloads\pots_stages\GroveFallenHeroes.zip,C:\Users\dferr\OneDrive\Desktop\DocRoshi-Fighter-Factory\resource_downloads\pots_stages\GroveFallenHeroes.zip,.zip,3130688,2026-06-14T13:29:15
resource_downloads,HadesDimension.zip,resource_downloads\pots_stages\HadesDimension.zip,C:\Users\dferr\OneDrive\Desktop\DocRoshi-Fighter-Factory\resource_downloads\pots_stages\HadesDimension.zip,.zip,8841521,2026-06-14T13:29:54
resource_downloads,HaHaciendaIsland.zip,resource_downloads\pots_stages\HaHaciendaIsland.zip,C:\Users\dferr\OneDrive\Desktop\DocRoshi-Fighter-Factory\resource_downloads\pots_stages\HaHaciendaIsland.zip,.zip,14500037,2026-06-14T13:29:51
resource_downloads,HelvetianLake.zip,resource_downloads\pots_stages\HelvetianLake.zip,C:\Users\dferr\OneDrive\Desktop\DocRoshi-Fighter-Factory\resource_downloads\pots_stages\HelvetianLake.zip,.zip,2270444,2026-06-14T13:29:38
resource_downloads,Hilltop.zip,resource_downloads\pots_stages\Hilltop.zip,C:\Users\dferr\OneDrive\Desktop\DocRoshi-Fighter-Factory\resource_downloads\pots_stages\Hilltop.zip,.zip,98668,2026-06-14T13:31:13
resource_downloads,HilltopNight.zip,resource_downloads\pots_stages\HilltopNight.zip,C:\Users\dferr\OneDrive\Desktop\DocRoshi-Fighter-Factory\resource_downloads\pots_stages\HilltopNight.zip,.zip,1781165,2026-06-14T13:32:03
resource_downloads,HilltopNightAlt.zip,resource_downloads\pots_stages\HilltopNightAlt.zip,C:\Users\dferr\OneDrive\Desktop\DocRoshi-Fighter-Factory\resource_downloads\pots_stages\HilltopNightAlt.zip,.zip,1782231,2026-06-14T13:32:08
resource_downloads,HollowHarmony.zip,resource_downloads\pots_stages\HollowHarmony.zip,C:\Users\dferr\OneDrive\Desktop\DocRoshi-Fighter-Factory\resource_downloads\pots_stages\HollowHarmony.zip,.zip,3883272,2026-06-14T13:29:55
resource_downloads,IceCavernIcicleFields.zip,resource_downloads\pots_stages\IceCavernIcicleFields.zip,C:\Users\dferr\OneDrive\Desktop\DocRoshi-Fighter-Factory\resource_downloads\pots_stages\IceCavernIcicleFields.zip,.zip,3101768,2026-06-14T13:30:03
resource_downloads,InfernoEdge.zip,resource_downloads\pots_stages\InfernoEdge.zip,C:\Users\dferr\OneDrive\Desktop\DocRoshi-Fighter-Factory\resource_downloads\pots_stages\InfernoEdge.zip,.zip,3626314,2026-06-14T13:31:59
resource_downloads,InnerHeart.zip,resource_downloads\pots_stages\InnerHeart.zip,C:\Users\dferr\OneDrive\Desktop\DocRoshi-Fighter-Factory\resource_downloads\pots_stages\InnerHeart.zip,.zip,496333,2026-06-14T13:29:36
resource_downloads,InnerHeartBlue.zip,resource_downloads\pots_stages\InnerHeartBlue.zip,C:\Users\dferr\OneDrive\Desktop\DocRoshi-Fighter-Factory\resource_downloads\pots_stages\InnerHeartBlue.zip,.zip,496935,2026-06-14T13:31:43
resource_downloads,IridiaValley.zip,resource_downloads\pots_stages\IridiaValley.zip,C:\Users\dferr\OneDrive\Desktop\DocRoshi-Fighter-Factory\resource_downloads\pots_stages\IridiaValley.zip,.zip,3586748,2026-06-14T13:31:57
resource_downloads,IronHorse.zip,resource_downloads\pots_stages\IronHorse.zip,C:\Users\dferr\OneDrive\Desktop\DocRoshi-Fighter-Factory\resource_downloads\pots_stages\IronHorse.zip,.zip,1932562,2026-06-14T13:30:06
resource_downloads,Jakunamura.zip,resource_downloads\pots_stages\Jakunamura.zip,C:\Users\dferr\OneDrive\Desktop\DocRoshi-Fighter-Factory\resource_downloads\pots_stages\Jakunamura.zip,.zip,3766866,2026-06-14T13:31:08
resource_downloads,JenovaConfinement.zip,resource_downloads\pots_stages\JenovaConfinement.zip,C:\Users\dferr\OneDrive\Desktop\DocRoshi-Fighter-Factory\resource_downloads\pots_stages\JenovaConfinement.zip,.zip,135427,2026-06-14T13:31:51
resource_downloads,Juggernaut.zip,resource_downloads\pots_stages\Juggernaut.zip,C:\Users\dferr\OneDrive\Desktop\DocRoshi-Fighter-Factory\resource_downloads\pots_stages\Juggernaut.zip,.zip,818545,2026-06-14T13:30:04
resource_downloads,KaibitoRoad.zip,resource_downloads\pots_stages\KaibitoRoad.zip,C:\Users\dferr\OneDrive\Desktop\DocRoshi-Fighter-Factory\resource_downloads\pots_stages\KaibitoRoad.zip,.zip,1079664,2026-06-14T13:30:05
resource_downloads,KasuganoBackyard.zip,resource_downloads\pots_stages\KasuganoBackyard.zip,C:\Users\dferr\OneDrive\Desktop\DocRoshi-Fighter-Factory\resource_downloads\pots_stages\KasuganoBackyard.zip,.zip,876193,2026-06-14T13:29:41
resource_downloads,KeepersImmortalDreams.zip,resource_downloads\pots_stages\KeepersImmortalDreams.zip,C:\Users\dferr\OneDrive\Desktop\DocRoshi-Fighter-Factory\resource_downloads\pots_stages\KeepersImmortalDreams.zip,.zip,3712905,2026-06-14T13:31:32
resource_downloads,KhuulJudgment.zip,resource_downloads\pots_stages\KhuulJudgment.zip,C:\Users\dferr\OneDrive\Desktop\DocRoshi-Fighter-Factory\resource_downloads\pots_stages\KhuulJudgment.zip,.zip,3185605,2026-06-14T13:30:00
resource_downloads,KOF98-China.zip,resource_downloads\pots_stages\KOF98-China.zip,C:\Users\dferr\OneDrive\Desktop\DocRoshi-Fighter-Factory\resource_downloads\pots_stages\KOF98-China.zip,.zip,1492903,2026-06-14T13:30:01
resource_downloads,KungSusserTod.zip,resource_downloads\pots_stages\KungSusserTod.zip,C:\Users\dferr\OneDrive\Desktop\DocRoshi-Fighter-Factory\resource_downloads\pots_stages\KungSusserTod.zip,.zip,3328309,2026-06-14T13:31:56
resource_downloads,LiveHouse.zip,resource_downloads\pots_stages\LiveHouse.zip,C:\Users\dferr\OneDrive\Desktop\DocRoshi-Fighter-Factory\resource_downloads\pots_stages\LiveHouse.zip,.zip,896243,2026-06-14T13:29:32
resource_downloads,LiveHousePurple.zip,resource_downloads\pots_stages\LiveHousePurple.zip,C:\Users\dferr\OneDrive\Desktop\DocRoshi-Fighter-Factory\resource_downloads\pots_stages\LiveHousePurple.zip,.zip,896808,2026-06-14T13:29:29
resource_downloads,Londinium.zip,resource_downloads\pots_stages\Londinium.zip,C:\Users\dferr\OneDrive\Desktop\DocRoshi-Fighter-Factory\resource_downloads\pots_stages\Londinium.zip,.zip,2420780,2026-06-14T13:30:23
resource_downloads,MemoriaGateSpace.zip,resource_downloads\pots_stages\MemoriaGateSpace.zip,C:\Users\dferr\OneDrive\Desktop\DocRoshi-Fighter-Factory\resource_downloads\pots_stages\MemoriaGateSpace.zip,.zip,7877359,2026-06-14T13:32:18
resource_downloads,MemoriaTimeInterval.zip,resource_downloads\pots_stages\MemoriaTimeInterval.zip,C:\Users\dferr\OneDrive\Desktop\DocRoshi-Fighter-Factory\resource_downloads\pots_stages\MemoriaTimeInterval.zip,.zip,2867605,2026-06-14T13:30:33
resource_downloads,MemoriaWorldFusion.zip,resource_downloads\pots_stages\MemoriaWorldFusion.zip,C:\Users\dferr\OneDrive\Desktop\DocRoshi-Fighter-Factory\resource_downloads\pots_stages\MemoriaWorldFusion.zip,.zip,3178666,2026-06-14T13:30:30
resource_downloads,MentalDrift.zip,resource_downloads\pots_stages\MentalDrift.zip,C:\Users\dferr\OneDrive\Desktop\DocRoshi-Fighter-Factory\resource_downloads\pots_stages\MentalDrift.zip,.zip,2774524,2026-06-14T13:31:52
resource_downloads,MikonosIsland.zip,resource_downloads\pots_stages\MikonosIsland.zip,C:\Users\dferr\OneDrive\Desktop\DocRoshi-Fighter-Factory\resource_downloads\pots_stages\MikonosIsland.zip,.zip,1568458,2026-06-14T13:31:02
resource_downloads,MindmeldAstralPlane.zip,resource_downloads\pots_stages\MindmeldAstralPlane.zip,C:\Users\dferr\OneDrive\Desktop\DocRoshi-Fighter-Factory\resource_downloads\pots_stages\MindmeldAstralPlane.zip,.zip,3247553,2026-06-14T13:32:12
resource_downloads,Mittelbirge.zip,resource_downloads\pots_stages\Mittelbirge.zip,C:\Users\dferr\OneDrive\Desktop\DocRoshi-Fighter-Factory\resource_downloads\pots_stages\Mittelbirge.zip,.zip,4077461,2026-06-14T13:29:25
resource_downloads,MitulerShrine.zip,resource_downloads\pots_stages\MitulerShrine.zip,C:\Users\dferr\OneDrive\Desktop\DocRoshi-Fighter-Factory\resource_downloads\pots_stages\MitulerShrine.zip,.zip,3522851,2026-06-14T13:31:55
resource_downloads,MoaiDreams.zip,resource_downloads\pots_stages\MoaiDreams.zip,C:\Users\dferr\OneDrive\Desktop\DocRoshi-Fighter-Factory\resource_downloads\pots_stages\MoaiDreams.zip,.zip,3499556,2026-06-14T13:30:37
resource_downloads,MystwoodVale.zip,resource_downloads\pots_stages\MystwoodVale.zip,C:\Users\dferr\OneDrive\Desktop\DocRoshi-Fighter-Factory\resource_downloads\pots_stages\MystwoodVale.zip,.zip,3026848,2026-06-14T13:30:09
resource_downloads,NarukamiShrine.zip,resource_downloads\pots_stages\NarukamiShrine.zip,C:\Users\dferr\OneDrive\Desktop\DocRoshi-Fighter-Factory\resource_downloads\pots_stages\NarukamiShrine.zip,.zip,12703818,2026-06-14T13:30:52
resource_downloads,NibelReactor.zip,resource_downloads\pots_stages\NibelReactor.zip,C:\Users\dferr\OneDrive\Desktop\DocRoshi-Fighter-Factory\resource_downloads\pots_stages\NibelReactor.zip,.zip,3329290,2026-06-14T13:31:47
resource_downloads,NibelReactorHR.zip,resource_downloads\pots_stages\NibelReactorHR.zip,C:\Users\dferr\OneDrive\Desktop\DocRoshi-Fighter-Factory\resource_downloads\pots_stages\NibelReactorHR.zip,.zip,4652209,2026-06-14T13:31:01
resource_downloads,NiseppCastle.zip,resource_downloads\pots_stages\NiseppCastle.zip,C:\Users\dferr\OneDrive\Desktop\DocRoshi-Fighter-Factory\resource_downloads\pots_stages\NiseppCastle.zip,.zip,2938374,2026-06-14T13:31:42
resource_downloads,OdinThroneRoom.zip,resource_downloads\pots_stages\OdinThroneRoom.zip,C:\Users\dferr\OneDrive\Desktop\DocRoshi-Fighter-Factory\resource_downloads\pots_stages\OdinThroneRoom.zip,.zip,5778892,2026-06-14T13:31:23
resource_downloads,OeilvertArk.zip,resource_downloads\pots_stages\OeilvertArk.zip,C:\Users\dferr\OneDrive\Desktop\DocRoshi-Fighter-Factory\resource_downloads\pots_stages\OeilvertArk.zip,.zip,3210126,2026-06-14T13:31:12
resource_downloads,Onslaught.zip,resource_downloads\pots_stages\Onslaught.zip,C:\Users\dferr\OneDrive\Desktop\DocRoshi-Fighter-Factory\resource_downloads\pots_stages\Onslaught.zip,.zip,760481,2026-06-14T13:29:44
resource_downloads,Ooeyama.zip,resource_downloads\pots_stages\Ooeyama.zip,C:\Users\dferr\OneDrive\Desktop\DocRoshi-Fighter-Factory\resource_downloads\pots_stages\Ooeyama.zip,.zip,983751,2026-06-14T13:32:00
resource_downloads,OoeyamaCrazy.zip,resource_downloads\pots_stages\OoeyamaCrazy.zip,C:\Users\dferr\OneDrive\Desktop\DocRoshi-Fighter-Factory\resource_downloads\pots_stages\OoeyamaCrazy.zip,.zip,982602,2026-06-14T13:31:15
resource_downloads,PhantomPots.zip,resource_downloads\pots_stages\PhantomPots.zip,C:\Users\dferr\OneDrive\Desktop\DocRoshi-Fighter-Factory\resource_downloads\pots_stages\PhantomPots.zip,.zip,3194292,2026-06-14T13:31:33
resource_downloads,PinnacleRocks.zip,resource_downloads\pots_stages\PinnacleRocks.zip,C:\Users\dferr\OneDrive\Desktop\DocRoshi-Fighter-Factory\resource_downloads\pots_stages\PinnacleRocks.zip,.zip,5427980,2026-06-14T13:29:46
resource_downloads,QuMarsh.zip,resource_downloads\pots_stages\QuMarsh.zip,C:\Users\dferr\OneDrive\Desktop\DocRoshi-Fighter-Factory\resource_downloads\pots_stages\QuMarsh.zip,.zip,4905025,2026-06-14T13:31:11
resource_downloads,RaidedShipwreck.zip,resource_downloads\pots_stages\RaidedShipwreck.zip,C:\Users\dferr\OneDrive\Desktop\DocRoshi-Fighter-Factory\resource_downloads\pots_stages\RaidedShipwreck.zip,.zip,3125671,2026-06-14T13:30:16
resource_downloads,RarityPull.zip,resource_downloads\pots_stages\RarityPull.zip,C:\Users\dferr\OneDrive\Desktop\DocRoshi-Fighter-Factory\resource_downloads\pots_stages\RarityPull.zip,.zip,3651021,2026-06-14T13:29:22
resource_downloads,RedDragonLair.zip,resource_downloads\pots_stages\RedDragonLair.zip,C:\Users\dferr\OneDrive\Desktop\DocRoshi-Fighter-Factory\resource_downloads\pots_stages\RedDragonLair.zip,.zip,751179,2026-06-14T13:31:41
resource_downloads,RiversideLookout.zip,resource_downloads\pots_stages\RiversideLookout.zip,C:\Users\dferr\OneDrive\Desktop\DocRoshi-Fighter-Factory\resource_downloads\pots_stages\RiversideLookout.zip,.zip,2778712,2026-06-14T13:29:26
resource_downloads,SalvageArchipelago.zip,resource_downloads\pots_stages\SalvageArchipelago.zip,C:\Users\dferr\OneDrive\Desktop\DocRoshi-Fighter-Factory\resource_downloads\pots_stages\SalvageArchipelago.zip,.zip,4134258,2026-06-14T13:31:19
resource_downloads,SDK-Garden.zip,resource_downloads\pots_stages\SDK-Garden.zip,C:\Users\dferr\OneDrive\Desktop\DocRoshi-Fighter-Factory\resource_downloads\pots_stages\SDK-Garden.zip,.zip,86726,2026-06-14T13:30:08
resource_downloads,SDK-PurpleCrystals.zip,resource_downloads\pots_stages\SDK-PurpleCrystals.zip,C:\Users\dferr\OneDrive\Desktop\DocRoshi-Fighter-Factory\resource_downloads\pots_stages\SDK-PurpleCrystals.zip,.zip,65971,2026-06-14T13:30:13
resource_downloads,SDK-Statues.zip,resource_downloads\pots_stages\SDK-Statues.zip,C:\Users\dferr\OneDrive\Desktop\DocRoshi-Fighter-Factory\resource_downloads\pots_stages\SDK-Statues.zip,.zip,81861,2026-06-14T13:31:21
resource_downloads,SDK-StreetNight.zip,resource_downloads\pots_stages\SDK-StreetNight.zip,C:\Users\dferr\OneDrive\Desktop\DocRoshi-Fighter-Factory\resource_downloads\pots_stages\SDK-StreetNight.zip,.zip,69043,2026-06-14T13:29:59
resource_downloads,SDK-Yard.zip,resource_downloads\pots_stages\SDK-Yard.zip,C:\Users\dferr\OneDrive\Desktop\DocRoshi-Fighter-Factory\resource_downloads\pots_stages\SDK-Yard.zip,.zip,66845,2026-06-14T13:30:07
resource_downloads,SDK-YardNight.zip,resource_downloads\pots_stages\SDK-YardNight.zip,C:\Users\dferr\OneDrive\Desktop\DocRoshi-Fighter-Factory\resource_downloads\pots_stages\SDK-YardNight.zip,.zip,107222,2026-06-14T13:29:58
resource_downloads,SecretPoint1.zip,resource_downloads\pots_stages\SecretPoint1.zip,C:\Users\dferr\OneDrive\Desktop\DocRoshi-Fighter-Factory\resource_downloads\pots_stages\SecretPoint1.zip,.zip,974654,2026-06-14T13:30:10
resource_downloads,ServersPots.zip,resource_downloads\pots_stages\ServersPots.zip,C:\Users\dferr\OneDrive\Desktop\DocRoshi-Fighter-Factory\resource_downloads\pots_stages\ServersPots.zip,.zip,3241366,2026-06-14T13:31:31
resource_downloads,ShadalooVTOL.zip,resource_downloads\pots_stages\ShadalooVTOL.zip,C:\Users\dferr\OneDrive\Desktop\DocRoshi-Fighter-Factory\resource_downloads\pots_stages\ShadalooVTOL.zip,.zip,1442759,2026-06-14T13:32:13
resource_downloads,ShimmeringRealm.zip,resource_downloads\pots_stages\ShimmeringRealm.zip,C:\Users\dferr\OneDrive\Desktop\DocRoshi-Fighter-Factory\resource_downloads\pots_stages\ShimmeringRealm.zip,.zip,3460962,2026-06-14T13:30:54
resource_downloads,SilverSeafloor.zip,resource_downloads\pots_stages\SilverSeafloor.zip,C:\Users\dferr\OneDrive\Desktop\DocRoshi-Fighter-Factory\resource_downloads\pots_stages\SilverSeafloor.zip,.zip,3600125,2026-06-14T13:30:41
resource_downloads,SodomRing.zip,resource_downloads\pots_stages\SodomRing.zip,C:\Users\dferr\OneDrive\Desktop\DocRoshi-Fighter-Factory\resource_downloads\pots_stages\SodomRing.zip,.zip,634695,2026-06-14T13:31:27
resource_downloads,Sparta.zip,resource_downloads\pots_stages\Sparta.zip,C:\Users\dferr\OneDrive\Desktop\DocRoshi-Fighter-Factory\resource_downloads\pots_stages\Sparta.zip,.zip,2298339,2026-06-14T13:32:14
resource_downloads,SporeSanctum.zip,resource_downloads\pots_stages\SporeSanctum.zip,C:\Users\dferr\OneDrive\Desktop\DocRoshi-Fighter-Factory\resource_downloads\pots_stages\SporeSanctum.zip,.zip,2934798,2026-06-14T13:31:48
resource_downloads,SS2-Kuroko.zip,resource_downloads\pots_stages\SS2-Kuroko.zip,C:\Users\dferr\OneDrive\Desktop\DocRoshi-Fighter-Factory\resource_downloads\pots_stages\SS2-Kuroko.zip,.zip,2406115,2026-06-14T13:29:57
resource_downloads,SS3-Kuroko.zip,resource_downloads\pots_stages\SS3-Kuroko.zip,C:\Users\dferr\OneDrive\Desktop\DocRoshi-Fighter-Factory\resource_downloads\pots_stages\SS3-Kuroko.zip,.zip,1497961,2026-06-14T13:29:33
resource_downloads,StadiumRuins.zip,resource_downloads\pots_stages\StadiumRuins.zip,C:\Users\dferr\OneDrive\Desktop\DocRoshi-Fighter-Factory\resource_downloads\pots_stages\StadiumRuins.zip,.zip,27953,2026-06-14T13:29:44
resource_downloads,StageZero.zip,resource_downloads\pots_stages\StageZero.zip,C:\Users\dferr\OneDrive\Desktop\DocRoshi-Fighter-Factory\resource_downloads\pots_stages\StageZero.zip,.zip,18533,2026-06-14T13:31:20
resource_downloads,StarlitIcefield.zip,resource_downloads\pots_stages\StarlitIcefield.zip,C:\Users\dferr\OneDrive\Desktop\DocRoshi-Fighter-Factory\resource_downloads\pots_stages\StarlitIcefield.zip,.zip,9681150,2026-06-14T13:29:21
resource_downloads,SunrisePark.zip,resource_downloads\pots_stages\SunrisePark.zip,C:\Users\dferr\OneDrive\Desktop\DocRoshi-Fighter-Factory\resource_downloads\pots_stages\SunrisePark.zip,.zip,683525,2026-06-14T13:31:40
resource_downloads,SuzakuCastleCE.zip,resource_downloads\pots_stages\SuzakuCastleCE.zip,C:\Users\dferr\OneDrive\Desktop\DocRoshi-Fighter-Factory\resource_downloads\pots_stages\SuzakuCastleCE.zip,.zip,1249189,2026-06-14T13:30:18
resource_downloads,SuzakuCastleWW.zip,resource_downloads\pots_stages\SuzakuCastleWW.zip,C:\Users\dferr\OneDrive\Desktop\DocRoshi-Fighter-Factory\resource_downloads\pots_stages\SuzakuCastleWW.zip,.zip,1245293,2026-06-14T13:29:23
resource_downloads,SuzakujoCountryside.zip,resource_downloads\pots_stages\SuzakujoCountryside.zip,C:\Users\dferr\OneDrive\Desktop\DocRoshi-Fighter-Factory\resource_downloads\pots_stages\SuzakujoCountryside.zip,.zip,1383034,2026-06-14T13:29:52
resource_downloads,SuzakujoCountrysideOrange.zip,resource_downloads\pots_stages\SuzakujoCountrysideOrange.zip,C:\Users\dferr\OneDrive\Desktop\DocRoshi-Fighter-Factory\resource_downloads\pots_stages\SuzakujoCountrysideOrange.zip,.zip,1383344,2026-06-14T13:30:02
resource_downloads,TemporalOasis.zip,resource_downloads\pots_stages\TemporalOasis.zip,C:\Users\dferr\OneDrive\Desktop\DocRoshi-Fighter-Factory\resource_downloads\pots_stages\TemporalOasis.zip,.zip,3899819,2026-06-14T13:29:50
resource_downloads,TengokuouCavern.zip,resource_downloads\pots_stages\TengokuouCavern.zip,C:\Users\dferr\OneDrive\Desktop\DocRoshi-Fighter-Factory\resource_downloads\pots_stages\TengokuouCavern.zip,.zip,4483559,2026-06-14T13:30:38
resource_downloads,TerraPath.zip,resource_downloads\pots_stages\TerraPath.zip,C:\Users\dferr\OneDrive\Desktop\DocRoshi-Fighter-Factory\resource_downloads\pots_stages\TerraPath.zip,.zip,5091932,2026-06-14T13:29:43
resource_downloads,TimelessChamber.zip,resource_downloads\pots_stages\TimelessChamber.zip,C:\Users\dferr\OneDrive\Desktop\DocRoshi-Fighter-Factory\resource_downloads\pots_stages\TimelessChamber.zip,.zip,4923394,2026-06-14T13:30:36
resource_downloads,TimelessFrozenSea.zip,resource_downloads\pots_stages\TimelessFrozenSea.zip,C:\Users\dferr\OneDrive\Desktop\DocRoshi-Fighter-Factory\resource_downloads\pots_stages\TimelessFrozenSea.zip,.zip,3073377,2026-06-14T13:29:17
resource_downloads,TMNTbridge.zip,resource_downloads\pots_stages\TMNTbridge.zip,C:\Users\dferr\OneDrive\Desktop\DocRoshi-Fighter-Factory\resource_downloads\pots_stages\TMNTbridge.zip,.zip,18003,2026-06-14T13:32:10
resource_downloads,Togakushi.zip,resource_downloads\pots_stages\Togakushi.zip,C:\Users\dferr\OneDrive\Desktop\DocRoshi-Fighter-Factory\resource_downloads\pots_stages\Togakushi.zip,.zip,1022734,2026-06-14T13:31:37
resource_downloads,TowerOfShogun.zip,resource_downloads\pots_stages\TowerOfShogun.zip,C:\Users\dferr\OneDrive\Desktop\DocRoshi-Fighter-Factory\resource_downloads\pots_stages\TowerOfShogun.zip,.zip,1219519,2026-06-14T13:29:27
resource_downloads,TrainingGrid.zip,resource_downloads\pots_stages\TrainingGrid.zip,C:\Users\dferr\OneDrive\Desktop\DocRoshi-Fighter-Factory\resource_downloads\pots_stages\TrainingGrid.zip,.zip,69036,2026-06-14T13:30:25
resource_downloads,TrainingRoomSF6.zip,resource_downloads\pots_stages\TrainingRoomSF6.zip,C:\Users\dferr\OneDrive\Desktop\DocRoshi-Fighter-Factory\resource_downloads\pots_stages\TrainingRoomSF6.zip,.zip,2238654,2026-06-14T13:31:25
resource_downloads,TrenoBattleArena.zip,resource_downloads\pots_stages\TrenoBattleArena.zip,C:\Users\dferr\OneDrive\Desktop\DocRoshi-Fighter-Factory\resource_downloads\pots_stages\TrenoBattleArena.zip,.zip,3564036,2026-06-14T13:30:12
resource_downloads,VacantLot.zip,resource_downloads\pots_stages\VacantLot.zip,C:\Users\dferr\OneDrive\Desktop\DocRoshi-Fighter-Factory\resource_downloads\pots_stages\VacantLot.zip,.zip,9650682,2026-06-14T13:31:10
resource_downloads,VanityParadiseVS2.zip,resource_downloads\pots_stages\VanityParadiseVS2.zip,C:\Users\dferr\OneDrive\Desktop\DocRoshi-Fighter-Factory\resource_downloads\pots_stages\VanityParadiseVS2.zip,.zip,988721,2026-06-14T13:31:04
resource_downloads,VertigoPointTower.zip,resource_downloads\pots_stages\VertigoPointTower.zip,C:\Users\dferr\OneDrive\Desktop\DocRoshi-Fighter-Factory\resource_downloads\pots_stages\VertigoPointTower.zip,.zip,11227167,2026-06-14T13:31:07
resource_downloads,VFG-Fudomaru.zip,resource_downloads\pots_stages\VFG-Fudomaru.zip,C:\Users\dferr\OneDrive\Desktop\DocRoshi-Fighter-Factory\resource_downloads\pots_stages\VFG-Fudomaru.zip,.zip,1334965,2026-06-14T13:31:21
resource_downloads,VFG-Marion.zip,resource_downloads\pots_stages\VFG-Marion.zip,C:\Users\dferr\OneDrive\Desktop\DocRoshi-Fighter-Factory\resource_downloads\pots_stages\VFG-Marion.zip,.zip,1173932,2026-06-14T13:30:29
resource_downloads,VinesweptMarket.zip,resource_downloads\pots_stages\VinesweptMarket.zip,C:\Users\dferr\OneDrive\Desktop\DocRoshi-Fighter-Factory\resource_downloads\pots_stages\VinesweptMarket.zip,.zip,4082608,2026-06-14T13:30:44
resource_downloads,VRTraining.zip,resource_downloads\pots_stages\VRTraining.zip,C:\Users\dferr\OneDrive\Desktop\DocRoshi-Fighter-Factory\resource_downloads\pots_stages\VRTraining.zip,.zip,1943934,2026-06-14T13:31:16
resource_downloads,WaterfallDojo.zip,resource_downloads\pots_stages\WaterfallDojo.zip,C:\Users\dferr\OneDrive\Desktop\DocRoshi-Fighter-Factory\resource_downloads\pots_stages\WaterfallDojo.zip,.zip,1971763,2026-06-14T13:30:15
resource_downloads,WellConsecration.zip,resource_downloads\pots_stages\WellConsecration.zip,C:\Users\dferr\OneDrive\Desktop\DocRoshi-Fighter-Factory\resource_downloads\pots_stages\WellConsecration.zip,.zip,3083161,2026-06-14T13:31:36
resource_downloads,WhisperingChateau.zip,resource_downloads\pots_stages\WhisperingChateau.zip,C:\Users\dferr\OneDrive\Desktop\DocRoshi-Fighter-Factory\resource_downloads\pots_stages\WhisperingChateau.zip,.zip,4234965,2026-06-14T13:30:55
resource_downloads,WildernessWithin.zip,resource_downloads\pots_stages\WildernessWithin.zip,C:\Users\dferr\OneDrive\Desktop\DocRoshi-Fighter-Factory\resource_downloads\pots_stages\WildernessWithin.zip,.zip,13807795,2026-06-14T13:29:35
resource_downloads,YieArTemple.zip,resource_downloads\pots_stages\YieArTemple.zip,C:\Users\dferr\OneDrive\Desktop\DocRoshi-Fighter-Factory\resource_downloads\pots_stages\YieArTemple.zip,.zip,10498321,2026-06-14T13:31:18
resource_downloads,YozoraDuelGrounds.zip,resource_downloads\pots_stages\YozoraDuelGrounds.zip,C:\Users\dferr\OneDrive\Desktop\DocRoshi-Fighter-Factory\resource_downloads\pots_stages\YozoraDuelGrounds.zip,.zip,2884668,2026-06-14T13:31:14
resource_downloads,ZhidanPlaza.zip,resource_downloads\pots_stages\ZhidanPlaza.zip,C:\Users\dferr\OneDrive\Desktop\DocRoshi-Fighter-Factory\resource_downloads\pots_stages\ZhidanPlaza.zip,.zip,1266420,2026-06-14T13:29:56
resource_downloads,VPFG_2.6.rar,resource_downloads\v_ikemen\VPFG_2.6.rar,C:\Users\dferr\OneDrive\Desktop\DocRoshi-Fighter-Factory\resource_downloads\v_ikemen\VPFG_2.6.rar,.rar,130979947,2026-06-14T13:24:25
resource_downloads,VPHD_Bars.rar,resource_downloads\v_ikemen\VPHD_Bars.rar,C:\Users\dferr\OneDrive\Desktop\DocRoshi-Fighter-Factory\resource_downloads\v_ikemen\VPHD_Bars.rar,.rar,22673433,2026-06-14T13:32:24
ohmsby_pack,Adachi.zip,resource_downloads\ohmsby_drive_1p2lbejwkzXsMxxaRDtsQ-YISPxHXsEAi\Adachi.zip,C:\Users\dferr\OneDrive\Desktop\DocRoshi-Fighter-Factory\resource_downloads\ohmsby_drive_1p2lbejwkzXsMxxaRDtsQ-YISPxHXsEAi\Adachi.zip,.zip,45580882,2024-08-24T22:32:18
ohmsby_pack,Akame.zip,resource_downloads\ohmsby_drive_1p2lbejwkzXsMxxaRDtsQ-YISPxHXsEAi\Akame.zip,C:\Users\dferr\OneDrive\Desktop\DocRoshi-Fighter-Factory\resource_downloads\ohmsby_drive_1p2lbejwkzXsMxxaRDtsQ-YISPxHXsEAi\Akame.zip,.zip,16753587,2024-08-24T22:32:23
ohmsby_pack,Akatsuki.zip,resource_downloads\ohmsby_drive_1p2lbejwkzXsMxxaRDtsQ-YISPxHXsEAi\Akatsuki.zip,C:\Users\dferr\OneDrive\Desktop\DocRoshi-Fighter-Factory\resource_downloads\ohmsby_drive_1p2lbejwkzXsMxxaRDtsQ-YISPxHXsEAi\Akatsuki.zip,.zip,26199306,2024-08-24T22:32:27
ohmsby_pack,Aoko.zip,resource_downloads\ohmsby_drive_1p2lbejwkzXsMxxaRDtsQ-YISPxHXsEAi\Aoko.zip,C:\Users\dferr\OneDrive\Desktop\DocRoshi-Fighter-Factory\resource_downloads\ohmsby_drive_1p2lbejwkzXsMxxaRDtsQ-YISPxHXsEAi\Aoko.zip,.zip,37819531,2024-08-24T22:32:32
ohmsby_pack,Asuna.zip,resource_downloads\ohmsby_drive_1p2lbejwkzXsMxxaRDtsQ-YISPxHXsEAi\Asuna.zip,C:\Users\dferr\OneDrive\Desktop\DocRoshi-Fighter-Factory\resource_downloads\ohmsby_drive_1p2lbejwkzXsMxxaRDtsQ-YISPxHXsEAi\Asuna.zip,.zip,15449303,2024-08-24T22:32:35
ohmsby_pack,Azrael.zip,resource_downloads\ohmsby_drive_1p2lbejwkzXsMxxaRDtsQ-YISPxHXsEAi\Azrael.zip,C:\Users\dferr\OneDrive\Desktop\DocRoshi-Fighter-Factory\resource_downloads\ohmsby_drive_1p2lbejwkzXsMxxaRDtsQ-YISPxHXsEAi\Azrael.zip,.zip,41007244,2024-09-08T12:12:31
ohmsby_pack,Bisclavret.zip,resource_downloads\ohmsby_drive_1p2lbejwkzXsMxxaRDtsQ-YISPxHXsEAi\Bisclavret.zip,C:\Users\dferr\OneDrive\Desktop\DocRoshi-Fighter-Factory\resource_downloads\ohmsby_drive_1p2lbejwkzXsMxxaRDtsQ-YISPxHXsEAi\Bisclavret.zip,.zip,44799076,2024-08-24T22:32:43
ohmsby_pack,Blitztank.zip,resource_downloads\ohmsby_drive_1p2lbejwkzXsMxxaRDtsQ-YISPxHXsEAi\Blitztank.zip,C:\Users\dferr\OneDrive\Desktop\DocRoshi-Fighter-Factory\resource_downloads\ohmsby_drive_1p2lbejwkzXsMxxaRDtsQ-YISPxHXsEAi\Blitztank.zip,.zip,32928532,2024-08-24T22:32:47
ohmsby_pack,Bowser.zip,resource_downloads\ohmsby_drive_1p2lbejwkzXsMxxaRDtsQ-YISPxHXsEAi\Bowser.zip,C:\Users\dferr\OneDrive\Desktop\DocRoshi-Fighter-Factory\resource_downloads\ohmsby_drive_1p2lbejwkzXsMxxaRDtsQ-YISPxHXsEAi\Bowser.zip,.zip,96870033,2024-08-24T22:32:53
ohmsby_pack,Byleth.zip,resource_downloads\ohmsby_drive_1p2lbejwkzXsMxxaRDtsQ-YISPxHXsEAi\Byleth.zip,C:\Users\dferr\OneDrive\Desktop\DocRoshi-Fighter-Factory\resource_downloads\ohmsby_drive_1p2lbejwkzXsMxxaRDtsQ-YISPxHXsEAi\Byleth.zip,.zip,91582741,2024-08-24T22:32:58
ohmsby_pack,Carmine.zip,resource_downloads\ohmsby_drive_1p2lbejwkzXsMxxaRDtsQ-YISPxHXsEAi\Carmine.zip,C:\Users\dferr\OneDrive\Desktop\DocRoshi-Fighter-Factory\resource_downloads\ohmsby_drive_1p2lbejwkzXsMxxaRDtsQ-YISPxHXsEAi\Carmine.zip,.zip,25523691,2024-08-24T22:33:01
ohmsby_pack,Charlotte.zip,resource_downloads\ohmsby_drive_1p2lbejwkzXsMxxaRDtsQ-YISPxHXsEAi\Charlotte.zip,C:\Users\dferr\OneDrive\Desktop\DocRoshi-Fighter-Factory\resource_downloads\ohmsby_drive_1p2lbejwkzXsMxxaRDtsQ-YISPxHXsEAi\Charlotte.zip,.zip,12197810,2024-08-24T22:33:05
ohmsby_pack,Coco.zip,resource_downloads\ohmsby_drive_1p2lbejwkzXsMxxaRDtsQ-YISPxHXsEAi\Coco.zip,C:\Users\dferr\OneDrive\Desktop\DocRoshi-Fighter-Factory\resource_downloads\ohmsby_drive_1p2lbejwkzXsMxxaRDtsQ-YISPxHXsEAi\Coco.zip,.zip,21553087,2024-09-20T22:24:14
ohmsby_pack,DANoel.zip,resource_downloads\ohmsby_drive_1p2lbejwkzXsMxxaRDtsQ-YISPxHXsEAi\DANoel.zip,C:\Users\dferr\OneDrive\Desktop\DocRoshi-Fighter-Factory\resource_downloads\ohmsby_drive_1p2lbejwkzXsMxxaRDtsQ-YISPxHXsEAi\DANoel.zip,.zip,39149954,2024-08-24T22:33:08
ohmsby_pack,Dedede.zip,resource_downloads\ohmsby_drive_1p2lbejwkzXsMxxaRDtsQ-YISPxHXsEAi\Dedede.zip,C:\Users\dferr\OneDrive\Desktop\DocRoshi-Fighter-Factory\resource_downloads\ohmsby_drive_1p2lbejwkzXsMxxaRDtsQ-YISPxHXsEAi\Dedede.zip,.zip,45704413,2024-08-24T22:33:13
ohmsby_pack,Es.zip,resource_downloads\ohmsby_drive_1p2lbejwkzXsMxxaRDtsQ-YISPxHXsEAi\Es.zip,C:\Users\dferr\OneDrive\Desktop\DocRoshi-Fighter-Factory\resource_downloads\ohmsby_drive_1p2lbejwkzXsMxxaRDtsQ-YISPxHXsEAi\Es.zip,.zip,32280599,2024-08-24T22:33:17
ohmsby_pack,Faust.zip,resource_downloads\ohmsby_drive_1p2lbejwkzXsMxxaRDtsQ-YISPxHXsEAi\Faust.zip,C:\Users\dferr\OneDrive\Desktop\DocRoshi-Fighter-Factory\resource_downloads\ohmsby_drive_1p2lbejwkzXsMxxaRDtsQ-YISPxHXsEAi\Faust.zip,.zip,28029056,2024-08-24T22:33:22
ohmsby_pack,Gordeau.zip,resource_downloads\ohmsby_drive_1p2lbejwkzXsMxxaRDtsQ-YISPxHXsEAi\Gordeau.zip,C:\Users\dferr\OneDrive\Desktop\DocRoshi-Fighter-Factory\resource_downloads\ohmsby_drive_1p2lbejwkzXsMxxaRDtsQ-YISPxHXsEAi\Gordeau.zip,.zip,24938898,2024-09-08T12:12:41
ohmsby_pack,Heart.zip,resource_downloads\ohmsby_drive_1p2lbejwkzXsMxxaRDtsQ-YISPxHXsEAi\Heart.zip,C:\Users\dferr\OneDrive\Desktop\DocRoshi-Fighter-Factory\resource_downloads\ohmsby_drive_1p2lbejwkzXsMxxaRDtsQ-YISPxHXsEAi\Heart.zip,.zip,30510742,2024-08-24T22:33:31
ohmsby_pack,Hilda.zip,resource_downloads\ohmsby_drive_1p2lbejwkzXsMxxaRDtsQ-YISPxHXsEAi\Hilda.zip,C:\Users\dferr\OneDrive\Desktop\DocRoshi-Fighter-Factory\resource_downloads\ohmsby_drive_1p2lbejwkzXsMxxaRDtsQ-YISPxHXsEAi\Hilda.zip,.zip,30329265,2024-08-24T22:33:36
ohmsby_pack,Homura.zip,resource_downloads\ohmsby_drive_1p2lbejwkzXsMxxaRDtsQ-YISPxHXsEAi\Homura.zip,C:\Users\dferr\OneDrive\Desktop\DocRoshi-Fighter-Factory\resource_downloads\ohmsby_drive_1p2lbejwkzXsMxxaRDtsQ-YISPxHXsEAi\Homura.zip,.zip,37586905,2024-08-24T22:33:40
ohmsby_pack,Hyde.zip,resource_downloads\ohmsby_drive_1p2lbejwkzXsMxxaRDtsQ-YISPxHXsEAi\Hyde.zip,C:\Users\dferr\OneDrive\Desktop\DocRoshi-Fighter-Factory\resource_downloads\ohmsby_drive_1p2lbejwkzXsMxxaRDtsQ-YISPxHXsEAi\Hyde.zip,.zip,27282509,2024-08-24T22:33:44
ohmsby_pack,Iori.zip,resource_downloads\ohmsby_drive_1p2lbejwkzXsMxxaRDtsQ-YISPxHXsEAi\Iori.zip,C:\Users\dferr\OneDrive\Desktop\DocRoshi-Fighter-Factory\resource_downloads\ohmsby_drive_1p2lbejwkzXsMxxaRDtsQ-YISPxHXsEAi\Iori.zip,.zip,41996876,2024-08-24T22:33:49
ohmsby_pack,Isaac.zip,resource_downloads\ohmsby_drive_1p2lbejwkzXsMxxaRDtsQ-YISPxHXsEAi\Isaac.zip,C:\Users\dferr\OneDrive\Desktop\DocRoshi-Fighter-Factory\resource_downloads\ohmsby_drive_1p2lbejwkzXsMxxaRDtsQ-YISPxHXsEAi\Isaac.zip,.zip,17329108,2024-08-24T22:33:53
ohmsby_pack,Jin.zip,resource_downloads\ohmsby_drive_1p2lbejwkzXsMxxaRDtsQ-YISPxHXsEAi\Jin.zip,C:\Users\dferr\OneDrive\Desktop\DocRoshi-Fighter-Factory\resource_downloads\ohmsby_drive_1p2lbejwkzXsMxxaRDtsQ-YISPxHXsEAi\Jin.zip,.zip,33268324,2024-09-12T18:56:13
ohmsby_pack,Joker.zip,resource_downloads\ohmsby_drive_1p2lbejwkzXsMxxaRDtsQ-YISPxHXsEAi\Joker.zip,C:\Users\dferr\OneDrive\Desktop\DocRoshi-Fighter-Factory\resource_downloads\ohmsby_drive_1p2lbejwkzXsMxxaRDtsQ-YISPxHXsEAi\Joker.zip,.zip,65824219,2024-08-24T22:34:04
ohmsby_pack,Kirby.zip,resource_downloads\ohmsby_drive_1p2lbejwkzXsMxxaRDtsQ-YISPxHXsEAi\Kirby.zip,C:\Users\dferr\OneDrive\Desktop\DocRoshi-Fighter-Factory\resource_downloads\ohmsby_drive_1p2lbejwkzXsMxxaRDtsQ-YISPxHXsEAi\Kirby.zip,.zip,33766316,2024-08-24T22:34:08
ohmsby_pack,Kirito.zip,resource_downloads\ohmsby_drive_1p2lbejwkzXsMxxaRDtsQ-YISPxHXsEAi\Kirito.zip,C:\Users\dferr\OneDrive\Desktop\DocRoshi-Fighter-Factory\resource_downloads\ohmsby_drive_1p2lbejwkzXsMxxaRDtsQ-YISPxHXsEAi\Kirito.zip,.zip,19113415,2024-08-24T22:34:13
ohmsby_pack,Kohaku.zip,resource_downloads\ohmsby_drive_1p2lbejwkzXsMxxaRDtsQ-YISPxHXsEAi\Kohaku.zip,C:\Users\dferr\OneDrive\Desktop\DocRoshi-Fighter-Factory\resource_downloads\ohmsby_drive_1p2lbejwkzXsMxxaRDtsQ-YISPxHXsEAi\Kohaku.zip,.zip,30118546,2024-08-24T22:34:17
ohmsby_pack,Kokonoe.zip,resource_downloads\ohmsby_drive_1p2lbejwkzXsMxxaRDtsQ-YISPxHXsEAi\Kokonoe.zip,C:\Users\dferr\OneDrive\Desktop\DocRoshi-Fighter-Factory\resource_downloads\ohmsby_drive_1p2lbejwkzXsMxxaRDtsQ-YISPxHXsEAi\Kokonoe.zip,.zip,43492698,2024-08-24T22:34:21
ohmsby_pack,KRool.zip,resource_downloads\ohmsby_drive_1p2lbejwkzXsMxxaRDtsQ-YISPxHXsEAi\KRool.zip,C:\Users\dferr\OneDrive\Desktop\DocRoshi-Fighter-Factory\resource_downloads\ohmsby_drive_1p2lbejwkzXsMxxaRDtsQ-YISPxHXsEAi\KRool.zip,.zip,62843512,2024-08-24T22:34:27
ohmsby_pack,Kuroko.zip,resource_downloads\ohmsby_drive_1p2lbejwkzXsMxxaRDtsQ-YISPxHXsEAi\Kuroko.zip,C:\Users\dferr\OneDrive\Desktop\DocRoshi-Fighter-Factory\resource_downloads\ohmsby_drive_1p2lbejwkzXsMxxaRDtsQ-YISPxHXsEAi\Kuroko.zip,.zip,17563360,2024-09-08T12:12:47
ohmsby_pack,Ky.zip,resource_downloads\ohmsby_drive_1p2lbejwkzXsMxxaRDtsQ-YISPxHXsEAi\Ky.zip,C:\Users\dferr\OneDrive\Desktop\DocRoshi-Fighter-Factory\resource_downloads\ohmsby_drive_1p2lbejwkzXsMxxaRDtsQ-YISPxHXsEAi\Ky.zip,.zip,21825814,2024-08-24T22:34:34
ohmsby_pack,Lambda-11.zip,resource_downloads\ohmsby_drive_1p2lbejwkzXsMxxaRDtsQ-YISPxHXsEAi\Lambda-11.zip,C:\Users\dferr\OneDrive\Desktop\DocRoshi-Fighter-Factory\resource_downloads\ohmsby_drive_1p2lbejwkzXsMxxaRDtsQ-YISPxHXsEAi\Lambda-11.zip,.zip,48157781,2024-08-24T22:34:41
ohmsby_pack,Lina.zip,resource_downloads\ohmsby_drive_1p2lbejwkzXsMxxaRDtsQ-YISPxHXsEAi\Lina.zip,C:\Users\dferr\OneDrive\Desktop\DocRoshi-Fighter-Factory\resource_downloads\ohmsby_drive_1p2lbejwkzXsMxxaRDtsQ-YISPxHXsEAi\Lina.zip,.zip,36896490,2024-09-08T12:12:57
ohmsby_pack,Mai.zip,resource_downloads\ohmsby_drive_1p2lbejwkzXsMxxaRDtsQ-YISPxHXsEAi\Mai.zip,C:\Users\dferr\OneDrive\Desktop\DocRoshi-Fighter-Factory\resource_downloads\ohmsby_drive_1p2lbejwkzXsMxxaRDtsQ-YISPxHXsEAi\Mai.zip,.zip,36457098,2024-08-24T22:34:48
ohmsby_pack,Merkava.zip,resource_downloads\ohmsby_drive_1p2lbejwkzXsMxxaRDtsQ-YISPxHXsEAi\Merkava.zip,C:\Users\dferr\OneDrive\Desktop\DocRoshi-Fighter-Factory\resource_downloads\ohmsby_drive_1p2lbejwkzXsMxxaRDtsQ-YISPxHXsEAi\Merkava.zip,.zip,29310669,2024-08-24T22:34:54
ohmsby_pack,Metaknight.zip,resource_downloads\ohmsby_drive_1p2lbejwkzXsMxxaRDtsQ-YISPxHXsEAi\Metaknight.zip,C:\Users\dferr\OneDrive\Desktop\DocRoshi-Fighter-Factory\resource_downloads\ohmsby_drive_1p2lbejwkzXsMxxaRDtsQ-YISPxHXsEAi\Metaknight.zip,.zip,28136989,2024-08-24T22:34:58
ohmsby_pack,Mika.zip,resource_downloads\ohmsby_drive_1p2lbejwkzXsMxxaRDtsQ-YISPxHXsEAi\Mika.zip,C:\Users\dferr\OneDrive\Desktop\DocRoshi-Fighter-Factory\resource_downloads\ohmsby_drive_1p2lbejwkzXsMxxaRDtsQ-YISPxHXsEAi\Mika.zip,.zip,32600687,2024-08-24T22:35:02
ohmsby_pack,Misaka.zip,resource_downloads\ohmsby_drive_1p2lbejwkzXsMxxaRDtsQ-YISPxHXsEAi\Misaka.zip,C:\Users\dferr\OneDrive\Desktop\DocRoshi-Fighter-Factory\resource_downloads\ohmsby_drive_1p2lbejwkzXsMxxaRDtsQ-YISPxHXsEAi\Misaka.zip,.zip,15349295,2024-08-24T22:35:07
ohmsby_pack,Mitsuru.zip,resource_downloads\ohmsby_drive_1p2lbejwkzXsMxxaRDtsQ-YISPxHXsEAi\Mitsuru.zip,C:\Users\dferr\OneDrive\Desktop\DocRoshi-Fighter-Factory\resource_downloads\ohmsby_drive_1p2lbejwkzXsMxxaRDtsQ-YISPxHXsEAi\Mitsuru.zip,.zip,30856886,2024-08-24T22:35:12
ohmsby_pack,Nanase.zip,resource_downloads\ohmsby_drive_1p2lbejwkzXsMxxaRDtsQ-YISPxHXsEAi\Nanase.zip,C:\Users\dferr\OneDrive\Desktop\DocRoshi-Fighter-Factory\resource_downloads\ohmsby_drive_1p2lbejwkzXsMxxaRDtsQ-YISPxHXsEAi\Nanase.zip,.zip,23324515,2024-08-24T22:35:16
ohmsby_pack,PCiel.zip,resource_downloads\ohmsby_drive_1p2lbejwkzXsMxxaRDtsQ-YISPxHXsEAi\PCiel.zip,C:\Users\dferr\OneDrive\Desktop\DocRoshi-Fighter-Factory\resource_downloads\ohmsby_drive_1p2lbejwkzXsMxxaRDtsQ-YISPxHXsEAi\PCiel.zip,.zip,33680222,2024-08-24T22:35:21
ohmsby_pack,Pistrix.zip,resource_downloads\ohmsby_drive_1p2lbejwkzXsMxxaRDtsQ-YISPxHXsEAi\Pistrix.zip,C:\Users\dferr\OneDrive\Desktop\DocRoshi-Fighter-Factory\resource_downloads\ohmsby_drive_1p2lbejwkzXsMxxaRDtsQ-YISPxHXsEAi\Pistrix.zip,.zip,25836516,2024-08-24T22:35:24
ohmsby_pack,Plant.zip,resource_downloads\ohmsby_drive_1p2lbejwkzXsMxxaRDtsQ-YISPxHXsEAi\Plant.zip,C:\Users\dferr\OneDrive\Desktop\DocRoshi-Fighter-Factory\resource_downloads\ohmsby_drive_1p2lbejwkzXsMxxaRDtsQ-YISPxHXsEAi\Plant.zip,.zip,35653404,2024-08-24T22:35:27
ohmsby_pack,Pyra.zip,resource_downloads\ohmsby_drive_1p2lbejwkzXsMxxaRDtsQ-YISPxHXsEAi\Pyra.zip,C:\Users\dferr\OneDrive\Desktop\DocRoshi-Fighter-Factory\resource_downloads\ohmsby_drive_1p2lbejwkzXsMxxaRDtsQ-YISPxHXsEAi\Pyra.zip,.zip,74362736,2024-08-24T22:35:32
ohmsby_pack,Quote.zip,resource_downloads\ohmsby_drive_1p2lbejwkzXsMxxaRDtsQ-YISPxHXsEAi\Quote.zip,C:\Users\dferr\OneDrive\Desktop\DocRoshi-Fighter-Factory\resource_downloads\ohmsby_drive_1p2lbejwkzXsMxxaRDtsQ-YISPxHXsEAi\Quote.zip,.zip,14161363,2024-09-08T12:12:52
ohmsby_pack,Ragna.zip,resource_downloads\ohmsby_drive_1p2lbejwkzXsMxxaRDtsQ-YISPxHXsEAi\Ragna.zip,C:\Users\dferr\OneDrive\Desktop\DocRoshi-Fighter-Factory\resource_downloads\ohmsby_drive_1p2lbejwkzXsMxxaRDtsQ-YISPxHXsEAi\Ragna.zip,.zip,31261176,2024-08-24T22:46:59
ohmsby_pack,Ridley.zip,resource_downloads\ohmsby_drive_1p2lbejwkzXsMxxaRDtsQ-YISPxHXsEAi\Ridley.zip,C:\Users\dferr\OneDrive\Desktop\DocRoshi-Fighter-Factory\resource_downloads\ohmsby_drive_1p2lbejwkzXsMxxaRDtsQ-YISPxHXsEAi\Ridley.zip,.zip,100684095,2024-08-24T22:35:48
ohmsby_pack,Robo_Weiss.zip,resource_downloads\ohmsby_drive_1p2lbejwkzXsMxxaRDtsQ-YISPxHXsEAi\Robo_Weiss.zip,C:\Users\dferr\OneDrive\Desktop\DocRoshi-Fighter-Factory\resource_downloads\ohmsby_drive_1p2lbejwkzXsMxxaRDtsQ-YISPxHXsEAi\Robo_Weiss.zip,.zip,38902252,2024-08-24T22:35:51
ohmsby_pack,Ruby.zip,resource_downloads\ohmsby_drive_1p2lbejwkzXsMxxaRDtsQ-YISPxHXsEAi\Ruby.zip,C:\Users\dferr\OneDrive\Desktop\DocRoshi-Fighter-Factory\resource_downloads\ohmsby_drive_1p2lbejwkzXsMxxaRDtsQ-YISPxHXsEAi\Ruby.zip,.zip,31755564,2024-08-24T22:35:55
ohmsby_pack,Samus.zip,resource_downloads\ohmsby_drive_1p2lbejwkzXsMxxaRDtsQ-YISPxHXsEAi\Samus.zip,C:\Users\dferr\OneDrive\Desktop\DocRoshi-Fighter-Factory\resource_downloads\ohmsby_drive_1p2lbejwkzXsMxxaRDtsQ-YISPxHXsEAi\Samus.zip,.zip,41388114,2024-08-24T22:31:34
ohmsby_pack,Saya.zip,resource_downloads\ohmsby_drive_1p2lbejwkzXsMxxaRDtsQ-YISPxHXsEAi\Saya.zip,C:\Users\dferr\OneDrive\Desktop\DocRoshi-Fighter-Factory\resource_downloads\ohmsby_drive_1p2lbejwkzXsMxxaRDtsQ-YISPxHXsEAi\Saya.zip,.zip,19745480,2024-08-24T22:31:40
ohmsby_pack,Shana.zip,resource_downloads\ohmsby_drive_1p2lbejwkzXsMxxaRDtsQ-YISPxHXsEAi\Shana.zip,C:\Users\dferr\OneDrive\Desktop\DocRoshi-Fighter-Factory\resource_downloads\ohmsby_drive_1p2lbejwkzXsMxxaRDtsQ-YISPxHXsEAi\Shana.zip,.zip,24566897,2024-08-24T22:31:44
ohmsby_pack,Shantae.zip,resource_downloads\ohmsby_drive_1p2lbejwkzXsMxxaRDtsQ-YISPxHXsEAi\Shantae.zip,C:\Users\dferr\OneDrive\Desktop\DocRoshi-Fighter-Factory\resource_downloads\ohmsby_drive_1p2lbejwkzXsMxxaRDtsQ-YISPxHXsEAi\Shantae.zip,.zip,28705015,2024-08-25T15:18:34
ohmsby_pack,Sol.zip,resource_downloads\ohmsby_drive_1p2lbejwkzXsMxxaRDtsQ-YISPxHXsEAi\Sol.zip,C:\Users\dferr\OneDrive\Desktop\DocRoshi-Fighter-Factory\resource_downloads\ohmsby_drive_1p2lbejwkzXsMxxaRDtsQ-YISPxHXsEAi\Sol.zip,.zip,32746556,2024-08-24T22:31:53
ohmsby_pack,Susanoo.zip,resource_downloads\ohmsby_drive_1p2lbejwkzXsMxxaRDtsQ-YISPxHXsEAi\Susanoo.zip,C:\Users\dferr\OneDrive\Desktop\DocRoshi-Fighter-Factory\resource_downloads\ohmsby_drive_1p2lbejwkzXsMxxaRDtsQ-YISPxHXsEAi\Susanoo.zip,.zip,48528525,2024-08-24T22:31:56
ohmsby_pack,Tager.zip,resource_downloads\ohmsby_drive_1p2lbejwkzXsMxxaRDtsQ-YISPxHXsEAi\Tager.zip,C:\Users\dferr\OneDrive\Desktop\DocRoshi-Fighter-Factory\resource_downloads\ohmsby_drive_1p2lbejwkzXsMxxaRDtsQ-YISPxHXsEAi\Tager.zip,.zip,39324446,2024-08-24T22:32:01
ohmsby_pack,Taiga.zip,resource_downloads\ohmsby_drive_1p2lbejwkzXsMxxaRDtsQ-YISPxHXsEAi\Taiga.zip,C:\Users\dferr\OneDrive\Desktop\DocRoshi-Fighter-Factory\resource_downloads\ohmsby_drive_1p2lbejwkzXsMxxaRDtsQ-YISPxHXsEAi\Taiga.zip,.zip,18588086,2024-09-08T12:12:37
ohmsby_pack,Terumi.zip,resource_downloads\ohmsby_drive_1p2lbejwkzXsMxxaRDtsQ-YISPxHXsEAi\Terumi.zip,C:\Users\dferr\OneDrive\Desktop\DocRoshi-Fighter-Factory\resource_downloads\ohmsby_drive_1p2lbejwkzXsMxxaRDtsQ-YISPxHXsEAi\Terumi.zip,.zip,36223578,2024-08-24T22:32:09
ohmsby_pack,Thief.zip,resource_downloads\ohmsby_drive_1p2lbejwkzXsMxxaRDtsQ-YISPxHXsEAi\Thief.zip,C:\Users\dferr\OneDrive\Desktop\DocRoshi-Fighter-Factory\resource_downloads\ohmsby_drive_1p2lbejwkzXsMxxaRDtsQ-YISPxHXsEAi\Thief.zip,.zip,26204083,2024-08-24T22:32:14
ohmsby_pack,Vlov.zip,resource_downloads\ohmsby_drive_1p2lbejwkzXsMxxaRDtsQ-YISPxHXsEAi\Vlov.zip,C:\Users\dferr\OneDrive\Desktop\DocRoshi-Fighter-Factory\resource_downloads\ohmsby_drive_1p2lbejwkzXsMxxaRDtsQ-YISPxHXsEAi\Vlov.zip,.zip,41040095,2024-08-24T22:36:04
ohmsby_pack,WaddleDee.zip,resource_downloads\ohmsby_drive_1p2lbejwkzXsMxxaRDtsQ-YISPxHXsEAi\WaddleDee.zip,C:\Users\dferr\OneDrive\Desktop\DocRoshi-Fighter-Factory\resource_downloads\ohmsby_drive_1p2lbejwkzXsMxxaRDtsQ-YISPxHXsEAi\WaddleDee.zip,.zip,22801510,2024-08-24T22:36:07
ohmsby_pack,Wagner.zip,resource_downloads\ohmsby_drive_1p2lbejwkzXsMxxaRDtsQ-YISPxHXsEAi\Wagner.zip,C:\Users\dferr\OneDrive\Desktop\DocRoshi-Fighter-Factory\resource_downloads\ohmsby_drive_1p2lbejwkzXsMxxaRDtsQ-YISPxHXsEAi\Wagner.zip,.zip,27790411,2024-08-24T22:36:10
ohmsby_pack,Waldstein.zip,resource_downloads\ohmsby_drive_1p2lbejwkzXsMxxaRDtsQ-YISPxHXsEAi\Waldstein.zip,C:\Users\dferr\OneDrive\Desktop\DocRoshi-Fighter-Factory\resource_downloads\ohmsby_drive_1p2lbejwkzXsMxxaRDtsQ-YISPxHXsEAi\Waldstein.zip,.zip,39361051,2024-08-24T22:36:15
ohmsby_pack,Yang.zip,resource_downloads\ohmsby_drive_1p2lbejwkzXsMxxaRDtsQ-YISPxHXsEAi\Yang.zip,C:\Users\dferr\OneDrive\Desktop\DocRoshi-Fighter-Factory\resource_downloads\ohmsby_drive_1p2lbejwkzXsMxxaRDtsQ-YISPxHXsEAi\Yang.zip,.zip,36710114,2026-06-14T14:00:27
ohmsby_pack,Yu.zip,resource_downloads\ohmsby_drive_1p2lbejwkzXsMxxaRDtsQ-YISPxHXsEAi\Yu.zip,C:\Users\dferr\OneDrive\Desktop\DocRoshi-Fighter-Factory\resource_downloads\ohmsby_drive_1p2lbejwkzXsMxxaRDtsQ-YISPxHXsEAi\Yu.zip,.zip,35521051,2026-06-14T14:00:38
ohmsby_pack,Yukiko.zip,resource_downloads\ohmsby_drive_1p2lbejwkzXsMxxaRDtsQ-YISPxHXsEAi\Yukiko.zip,C:\Users\dferr\OneDrive\Desktop\DocRoshi-Fighter-Factory\resource_downloads\ohmsby_drive_1p2lbejwkzXsMxxaRDtsQ-YISPxHXsEAi\Yukiko.zip,.zip,34773255,2026-06-14T14:00:52
ohmsby_pack,Yumi.zip,resource_downloads\ohmsby_drive_1p2lbejwkzXsMxxaRDtsQ-YISPxHXsEAi\Yumi.zip,C:\Users\dferr\OneDrive\Desktop\DocRoshi-Fighter-Factory\resource_downloads\ohmsby_drive_1p2lbejwkzXsMxxaRDtsQ-YISPxHXsEAi\Yumi.zip,.zip,38883137,2026-06-14T14:01:00
