path,bytes,sha256,modified
CHANGELOG.md,29546,b0bf3dfd3e7edf487afa04a2fde0a67204a563dbf2c5e7891859e0d49631314f,2026-06-13T19:23:18
maintenance_core/scripts/README.md,256,70cd1e866e9dfa2551ba0acfee468cd1baee78877c29346b571391a219fe2d83,2026-06-13T19:18:19
README.md,3575,056d82b650611b1755783803ff93b90e5969438b0b81a1740c12ebad665bd061,2026-06-13T19:25:23
operator_console/DECISION_LOG.md,633,adf61f73e13a75fc2c42d89ffed882040d0e44295d46993ae877eacbb73655ea,2026-06-13T19:25:53
operator_console/NEXT_CHAT_HANDOFF.md,2819,12f1b38dcacd72b2c23b3e8042f625c09b28d38319b0de9612464ce0dc164edf,2026-06-13T19:25:53
operator_console/OPERATOR_DASHBOARD.md,2452,9dbeb0b05ef56957d1dd3f50394e6c85e4c056861a6c1efcf8e95122eac8cbca,2026-06-13T19:25:53
operator_console/operator_phase_status.csv,1185,eab961809a2aeb139f7d4e5b6c86e399903905c26c5c300f5abc18a109c03e89,2026-06-13T19:25:53
operator_console/operator_project_state.json,1293,c0f001437dde8200fc21b51e8509ae97edf6e7037c7509333e55d024828e0910,2026-06-13T19:25:53
operator_console/operator_roadmap.csv,1616,fbf25de1c47225479fb40009306db25f2ac5a7ce3cd96cc382dcdef5e4feec7e,2026-06-13T19:25:53
operator_console/OPERATOR_ROADMAP.md,1894,18adc639511ddf76f609b21234bb608bea9911b053dddc5033af0dc04d837f67,2026-06-13T19:25:53
operator_console/release_readiness/release_readiness_packet.json,3789,9dc0177f06a77d036d67d4b135a685f0ec5176cd6ba1740bffbad40ec5a422e0,2026-06-13T19:25:53
operator_console/release_readiness/RELEASE_READINESS_PACKET.md,2503,7edae49c5e7f9a6e3df5b92e8c9803eaa480de8201c7085ac41f9e931a34b228,2026-06-13T19:25:53
operator_console/RESUME_PROMPT.txt,2819,12f1b38dcacd72b2c23b3e8042f625c09b28d38319b0de9612464ce0dc164edf,2026-06-13T19:25:53
