path,bytes,lines,classes,functions,syntax_error,class_names,function_names,constants,sha256
handoff_core/regression_harness/smoke_v7_5.py,1604,48,0,0,,,,ROOT,9dd57b1f2dea19622ab5982dbd9c5e813b248bb0cce34069f355fa24228a316a
maintenance_core/scripts/package_release.py,1256,42,0,3,,,"_find_root, should_skip, main","ROOT, OUT, SKIP_PARTS, SKIP_SUFFIXES",29d8d01d97a6ed07aeeff0ae6891c6b341fa922a059711508d3da5b02791317e
maintenance_core/scripts/print_latest_handoff.py,557,16,0,1,,,_find_root,"ROOT, CANDIDATES",db36396fc6bc1b9062c9aa0cc1a172e9f72adb10bc947bbd0acfd4371c422a89
maintenance_core/scripts/run_mugenforge_smoke.py,1838,53,0,3,,,"_find_root, run, main",ROOT,b1bc412971eeeaa82a0a2eeb6fd574dc992157c1854171cdef14637accdf6d08
mugenforge/__init__.py,22,1,0,0,,,,,e018fd72720b7ef8d255690fa54053e22a691afdb651465c4afbde3c1a9772e3
mugenforge/air_tools.py,5441,142,3,5,,"AirLineClsnBox, AirLineFrame, AirLineAction","parse_air_with_lines, find_frame, normalize_box, validate_boxes, update_frame_clsn_text","ACTION_RE, FRAME_RE, CLSN_RE, CLSN_LINE_RE",c3feeedde6a5df74661fbc34fa1391f5b146ebb087a99cb43cdac3edda846883
mugenforge/app.py,500565,9465,1,1,,MugenForgeApp,main,APP_TITLE,0e7d0e8cfe0927be279f9f7c5d4aabfc0812a9b40e52adb36c3c1f4b12038548
mugenforge/authority_core.py,49801,1032,1,41,,AuthorityCoreResult,"_uniq, _rel, _timestamp, _authority_dir, _write, _write_json, _read_json, _csv_write, _csv_read, _sha256, _backup_file, _discover_files, _code_files, _first_int, _project_char_name, _default_engine_config, _engine_config_path, _read_engine_config, write_authority_dashboard, write_engine_contract_profiles, validate_engine_configuration, _contract_args, _expand_args, build_engine_command, run_authoritative_engine_scenario, parse_engine_run_results, _telemetry_rows, write_runtime_reconciliation_report, _corpus_root, write_sff_snd_corpus_validation_suite","AUTHORITY_CORE_VERSION, TEXT_CODE_EXTS, BINARY_EXTS, EVIDENCE_EXTS, ERROR_RE, WARN_RE, TELEMETRY_RE",ea27066a6ae526d1cbe234b371e6154d680dc8dd0202c5c3e1f8464666e584cf
mugenforge/authority_lab.py,50374,1059,1,32,,AuthorityLabResult,"_uniq, _now, _rel, _auth_dir, _write_text, _write_json, _write_csv, _sha256, _read_json, _main_def, _def_refs, _project_files, _code_files, _all_state_defs, _all_change_targets, _air_actions, _anim_duration, _first_int, _evidence_files, write_authority_dashboard, verify_engine_profile, build_source_runtime_simulation, _byte_entropy, _fingerprint_sff, validate_sff2_corpus, _candidate_binary_files, export_verified_binary_commit_sheet, apply_verified_binary_commit_sheet, write_gameplay_tuning_workbench, write_evidence_authority_gate","AUTHORITY_LAB_VERSION, CODE_EXTS, BINARY_EXTS, EVIDENCE_EXTS",1c6de6c2a85612532441f540946b624d46e795a0983f0fcd0fb8d91cbc5739d0
mugenforge/automation_bank.py,235330,3786,3,87,,"FeaturePreset, FeaturePackage, ApplyResult","available_presets, get_preset, preset_display_list, preset_by_display, _marker, _wrap, _spec, _pack_from_specs, _basic_air_actions, _common_command_bank, _debug_overlay_block, _simple_pose_state, _simple_pose_air, build_feature_package, package_preview_text, _timestamp, _backup_path, _append_unique, _fallback_file, apply_feature_package, apply_preset, apply_beginner_pack, default_project_profile, beginner_guide_text, _ensure_def_files_section, auto_setup_project, beginner_project_status, export_code_bank_template, _movement_fx_state, _state_minus_one","_BASE_BUILD_FEATURE_PACKAGE, _BASE_BUILD_FEATURE_PACKAGE_V22, _V22_BUILD_FEATURE_PACKAGE, _V24_BUILD_FEATURE_PACKAGE, _V25_DOC_IDS, _V25_SYSTEM_IDS, _V25_BUILD_FEATURE_PACKAGE, _V26_DOC_IDS, _V26_BUILD_FEATURE_PACKAGE, _V26_DOC_IDS, _V26_MOVE_IDS, _FINAL_V26_PREV_BUILD_FEATURE_PACKAGE, _QUALITY_BASE_BUILD_FEATURE_PACKAGE, _QUALITY_IDS, _RESCUE_BASE_BUILD_FEATURE_PACKAGE, _RESCUE_IDS, _CREATOR_HUB_PRESETS, _CREATOR_HUB_IDS, _CREATOR_HUB_PREV_BUILD_FEATURE_PACKAGE",00f2c803896c4710972e77fe26f7658b06dcf6828d7cbffaa4d0e6c054a82dcf
mugenforge/binary_core.py,124142,2711,2,83,,"BinaryCoreResult, Sff2ProbeRecord","_uniq, _flex_path, _rel, _now, _bc, _write_text, _write_json, _write_csv, _sha256, _backup, _file, _image_files, _parse_group_image, _image_size, _truth_lines, _u32, _i16, _u16, _header_slots, _find_embedded_pngs, _find_pcx_markers, _probe_mugenforge_png_subset, write_sff2_inspection, inspect_sff2_native, export_sff2_payloads, export_supported_sff2_payloads, export_sff_axis_sheet, _truthy, _safe_int, apply_sff_axis_sheet","BINARY_CORE_VERSION, IMAGE_SUFFIXES, TRUTH_NOTE, BINARY_CORE_VERSION, TRUTH_NOTE, BINARY_CORE_VERSION, TRUTH_NOTE",aadd7c22415ac2f1b038af58627fcc9adc028905ff4604c9c2583d09ab7e37e9
mugenforge/binary_deep.py,77282,1768,2,60,,"DeepSff2Record, DeepSff2Table","_now, _rel, _bd, _bc, _write_text, _write_json, _write_csv, _sha256, _safe_int, _truthy, _file, _backup, _u16, _i16, _u32, _i32, _clamp_i16, _clamp_u16, _image_files, _parse_group_image, _image_size, _png_payload, _find_embedded_pngs, _find_pcx_ranges, _candidate_header_values, _plausible_record_fields, _payload_hint, _score_record, _parse_table_candidate, discover_deep_sff2_tables","BINARY_DEEP_VERSION, SFF2_NATIVE_HEADER_SIZE, SFF2_RECORD_SIZE, SFF2_NATIVE_MAGIC, IMAGE_SUFFIXES, SFF2_FORMAT_LABELS, CAPABILITY_NOTE",a6b001345fdd811800ef7933c6f34603448de3ad18a29f301fa2179d06bd907a
mugenforge/binary_maturity.py,32967,718,1,23,,BinaryMaturityResult,"_uniq, _rel, _now, _bm, _write_text, _write_json, _write_csv, _sha256, _find_file, _truth_lines, _is_standard_sff2, write_sff2_maturity_report, export_sff2_edit_workspace, _truthy, _safe_int, apply_sff2_edit_workspace, build_sff2_from_source_folder, export_snd_slot_patch_sheet, apply_snd_slot_patch_sheet, write_runtime_test_harness, run_runtime_test_harness, build_binary_maturity_bundle, run_binary_maturity_pass","BINARY_MATURITY_VERSION, IMAGE_SUFFIXES, WAV_SUFFIXES, MATURITY_NOTE",3747e766e7d88083ecc5321ecaced14c9f8a234452eabb9e9284ebd890021f81
mugenforge/closure_core.py,67576,1458,3,47,,"ClosureResult, MicroState, MicroScenario","_now, _uniq, _rel, _closure_dir, _write_text, _write_json, _csv_write, _csv_read, _sha256, _first_int, _first_float_pair, _discover_files, _code_files, _all_binary_files, _read_runtime_config, write_closure_dashboard, _build_state_index, _build_air_index, _anim_elem_at, _compare, _eval_atom, _controller_triggers_true, _scenario_rows_from_project, _ensure_micro_scenario_sheet, build_micro_runtime_model, _load_micro_scenarios, _simulate_one, run_micro_runtime_scenarios, write_engine_autoprobe, _collect_evidence_files","CLOSURE_CORE_VERSION, CODE_EXTS, IMAGE_EXTS, AUDIO_EXTS, BINARY_EXTS",c02a2743ed1d933af03be799eab46e21fcf875e83df5599446092f8798eb26e7
mugenforge/closure_lab.py,63450,1389,1,47,,ClosureLabResult,"_uniq, _now, _rel, _closure_dir, _write_text, _write_json, _write_csv, _read_json, _backup_file, _main_def, _def_refs, _project_files, _code_files, _safe_int, _safe_float, _numbers, _number_pair, _all_states, _all_hitdefs, _load_air_actions, _anim_element, _anim_total_ticks, _eval_trigger_expr, _compare, _controller_triggers_true, build_offline_runtime_simulation, write_engine_adapter_suite, validate_engine_adapter_suite, run_engine_adapter_suite, build_sff2_corpus_validator","CLOSURE_LAB_VERSION, CODE_EXTS, BINARY_EXTS, EVIDENCE_EXTS",89908ed33632ed4c602029aa2c804d3f6a08c65244bd94c29c1384cc844c0353
mugenforge/code_authoring.py,6798,213,1,8,,CodeAuthoringReport,"command_template, negative_one_changestate_template, attack_state_template, projectile_state_template, helper_explod_template, inspect_code_text, inspect_character_folder, package_character_zip",COMMAND_REF_RE,472e0278df309f42da87a1c0df2ac4ff87bd6b05958cac02785a24ffd3e1734c
mugenforge/codec_core.py,5720,144,0,14,,,"_rel, _cc, _write_text, _write_json, write_codec_core_dashboard, write_sff2_full_decode_export, export_sff2_mutation_sheet, apply_sff2_mutation_sheet, apply_sff2_axis_patch_copy, export_snd_mutation_sheet, apply_snd_mutation_sheet, ingest_runtime_evidence, build_codec_core_bundle, run_codec_core_pass",CODEC_CORE_VERSION,aaef4dd83b0680ea44552ffe757b05f113f1cf5b9ea05ab343d8bc5f869e7503
mugenforge/creator_hub.py,43558,716,1,28,,CreatorHubResult,"_uniq, _rel, _hub_dir, _write, _write_json, _code_files, _read_code_texts, _all_commands, _all_states, _parse_hitdefs, _nearest_state_before, _first_int, _normalize_input, _command_family, _difficulty_for_input, _damage_recommendation, _score_badge, write_creator_dashboard, write_project_task_board, write_input_conflict_lab, write_balance_autotune_plan, write_combo_trial_pack, write_asset_request_pack, write_no_code_recipe_book, write_controller_mapping_sheet, write_release_website, write_patch_macro_bank, run_creator_hub_pass",,a6de99366c26d5b592ffc952c3223d2586b7c9f148b65ae180397760160043e9
mugenforge/creator_os.py,48351,1097,1,49,,CreatorOSResult,"_uniq, _creator_dir, _write, _rel, _timestamp, _backup, _code_files, _read_code, _first_int, _state_defs_targets_anims, _command_defs, _air_action_numbers, _hitdef_blocks, _estimate_state_anim_map, _air_total_ticks, _system_score, creator_os_status_report, write_creator_os_dashboard, write_function_bank, write_frame_data_sheet, write_move_tuning_board, write_input_mapper_template, _replace_command_block, apply_input_mapper, write_combo_routes_template, apply_combo_routes, _safe_state_stub, auto_fix_missing_statedefs, _air_placeholder, auto_create_missing_air_actions","CREATOR_OS_VERSION, _FUNCTION_BANK, _BALANCE_PRESETS",c5cd09d59a9e8e2ada568b196c8eca4444848ae0a2a4589d2c9e45ffba38c864
mugenforge/creator_suite.py,36089,541,1,30,,SuiteResult,"_now, _rel, _backup, _write, _append_once, _discover_files, _code_files, _img_size, _csv, _recipe, write_character_dna_profile, write_asset_library, _commands, write_move_lab, write_combo_tree, write_art_task_board, install_beginner_tuning_panel, make_project_time_machine_snapshot, write_creator_dashboard, write_final_qa_release_plan, write_training_pack, write_creator_indexes, one_click_creator_autopilot, creator_suite_profile_report, _hitdef_blocks_for_sheet, export_hitdef_tuning_sheet, _truthy_apply, _update_key_in_block, apply_hitdef_tuning_sheet, write_artist_handoff_pack","CREATOR_SUITE_VERSION, IMAGE_SUFFIXES, SOUND_SUFFIXES, PALETTE_SUFFIXES, TEXT_SUFFIXES, HITDEF_TUNING_FIELDS",f02228c70fb77b5a36d683f515c55e0b948257ddce12317d34aefb4d0fcdd36d
mugenforge/creator_suite_visual.py,49826,1018,1,27,,CreatorSuiteResult,"_uniq, _rel, _suite_dir, _write, _slug, _safe_int, _find_images, _parse_sprite_filename, _image_size, _load_sprite_image, _find_action_by_number, create_sff2_source_project, make_animation_contact_sheets, make_onion_skin_previews, write_animation_doctor, create_sound_waveform_sheet, write_palette_doctor, write_no_code_recipe_bank, write_combo_blueprint, write_creator_command_center, create_release_comparison_report, run_creator_suite_pass, _hitdef_blocks_in_text, export_hitdef_tuning_sheet, _replace_or_add_kv, apply_hitdef_tuning_sheet, write_artist_handoff_pack","IMAGE_EXTS, AUDIO_EXTS",2f9a98bc5756fcab8580eef41a79443e62fb965a3ec218c046468f80b7c6d37d
mugenforge/engine_authority.py,56488,1035,1,34,,AuthorityResult,"_uniq, _now, _rel, _auth_dir, _write_text, _write_json, _write_csv, _read_json, _hash_file, _main_def, _def_refs, _project_files, _code_files, _all_air_actions, _parse_int, _trigger_summary, _anim_elem_from_trigger, _time_from_trigger, _state_and_controller_rows, build_supported_runtime_model, write_external_engine_validator, _find_evidence_files, write_runtime_evidence_certificate, write_binary_corpus_validator, _find_png_spans, _find_pcx_offsets, write_sff2_forensic_recovery, export_binary_promotion_sheet, apply_verified_binary_promotions, write_gameplay_closure_pack","ENGINE_AUTHORITY_VERSION, CODE_EXTS, BINARY_EXTS, EVIDENCE_EXTS",d0381551aaef2fcc87a849a1374da27382d81d7ca4722f1d9f7821eea421eaee
mugenforge/evidence_core.py,70282,1466,1,64,,EvidenceCoreResult,"_uniq, _rel, _ec, _write_text, _write_json, _write_csv, _read_csv, _truthy, _now, _sha256, _safe_copy, _project_files, _discover_main_files, write_evidence_core_dashboard, write_engine_profile_template, _load_engine_profile, _expand_arg, validate_engine_profile, run_engine_profile, export_runtime_scenario_sheet, ingest_runtime_evidence, _runtime_result_files, _uniq_paths, parse_runtime_logs_and_results, write_evidence_release_gate, run_binary_corpus_validation, _find_png_segments, _find_wav_segments, _find_pcx_segments, write_unknown_binary_recovery_workspace","EVIDENCE_CORE_VERSION, TEXT_EXTS, BINARY_EXTS, EVIDENCE_EXTS, ERROR_PATTERNS, WARNING_PATTERNS",c86b4e3dd47962d3bd7bbdcbadb32e09fe7adb5011a778ae95dd710586dc1e85
mugenforge/factory_max.py,39541,891,1,24,,MaxResult,"_now, _rel, _backup, _write, _discover_files, _all_code_files, _image_dimensions_from_payload, _air_sprite_refs, factory_max_profile_report, write_codesense_bank, write_state_graph, write_organizer_manifest, suggest_clsn_from_sff, retime_air, renumber_air_actions, create_storyboard_template, create_screenpack_template, create_sound_autobank, create_quick_test_suite, safe_import_from_project, build_factory_max_release_zip, one_click_factory_max_upgrade, image_factory_process_folder, make_palette_variants","FACTORY_MAX_VERSION, IMAGE_SUFFIXES, TEXT_SUFFIXES",30d78491dd783908f84c7d627be5a7398f56b936c79ce3a66fc7426ac94c73e3
mugenforge/factory_plus.py,62749,1364,2,64,,"FactoryPlusResult, CharacterFiles","_backup, _rel, _first, discover_character_files, _append_unique, _action_block, ensure_required_animations, _air_sprite_pairs, rebuild_placeholder_sff_from_air, _sprite_id_from_name, bulk_import_sprite_folder, installed_feature_ids, _all_code_text, export_move_list, export_state_map, export_balance_sheet, deep_factory_doctor, write_doctor_report, write_function_bank, write_start_here, smart_complete_project, build_release_zip, project_doctor_report, write_factory_doctor_report, one_click_upgrade, ensure_standard_air_actions, write_move_list_markdown, write_move_list_html, export_state_graph, asset_inventory","FACTORY_PLUS_VERSION, _IMAGE_NAME_PATTERNS",5cbe2ad7e126db2fe4e8c4270d08a6a0efb60c574bb1a04b31fd62c6e2b99958
mugenforge/factory_ultra.py,59128,1213,1,67,,UltraResult,"_now, _rel, _backup, _write, _write_json, _discover_files, _code_files, _text_files, _images, _counts, _intish, _damage_pair, _air_stats, _hit_records, _feature_hits, _cmd_commands, write_ultra_audit, write_input_conflict_report, write_balance_lab, generate_balance_lab, write_frame_data_report, generate_frame_data_lab, write_combo_lab, write_combo_trial_builder, write_smart_next_steps, generate_beginner_task_board, write_creator_home_dashboard, ultra_project_dashboard, write_beginner_command_center, write_no_code_function_map","FACTORY_ULTRA_VERSION, CODE_SUFFIXES, TEXT_SUFFIXES, IMAGE_SUFFIXES, ASSET_SUFFIXES",c50b9912fb36dcba4ccfdac0a8fff2baa0a60cacd91bd01491945c8802cf7c7b
mugenforge/ff_plus.py,23607,557,0,21,,,"_timestamp, _backup, _write_file, _merge, _relative, ensure_ff_plus_workspace, make_hitbox_preset_library, _main_files, _installed_feature_ids, ff_plus_dashboard_report, generate_action_catalog, generate_asset_index, generate_move_list, write_smart_code_bank, generate_release_checklist, install_required_actions_library, install_smart_cancel_suite, install_training_suite, install_ff_plus_authoring_pack, one_click_fighter_factory_plus_pass, ff_plus_summary_after_result",,0a5a322daffca58bc5541a640f8ef6afb84095c0a08d8592810289b6599a8316
mugenforge/ff_plus_tools.py,26153,664,0,24,,,"_need_pillow, _safe_stem, image_files, wav_files, summarize_image_folder, make_sprite_contact_sheet, _trim_transparency, _place_on_canvas, normalize_sprite_folder, convert_images_to_pcx, make_animation_gif, make_air_from_image_sequence, build_sff_from_image_folder, build_act_from_folder, sound_cue_sheet, _first_def, project_move_summary, export_move_list, write_creator_manual, full_project_report, create_stage_from_image, write_mugen_launch_config, read_mugen_launch_config, launch_mugen","IMAGE_INPUT_EXTS, WAV_EXTS",8bcd399b82ecc2a1a24c3527fd8c2dbdecb3a61d6ba6116f5c7beda77e8209ae
mugenforge/forge_beyond.py,57024,1104,2,50,,"ForgeBeyondResult, ImageEditSpec","_timestamp, _uniq, _safe_name, _rel, _beyond_dir, _docs_dir, _reports_dir, _sheets_dir, _graphs_dir, _write_text, _write_json, _write_csv, _backup_text_file, _all_files, _code_files, _image_files, _wav_files, _first_int, _category_for_file, _discover_files, _commands_from_project, _state_controller_rows, import_archive_project, run_source_image_editor, write_capability_matrix, write_project_organizer_manifest, write_codesense_report, write_asset_deep_audit, write_unified_project_index, export_command_sheet","FORGE_BEYOND_VERSION, TEXT_SUFFIXES, CODE_SUFFIXES, IMAGE_SUFFIXES, AUDIO_SUFFIXES, SKIP_PARTS",7db55da8bceb2dd8d4f77904f7c4a589d8183934685284e7c50a7d6baf90455f
mugenforge/forge_flow.py,59382,1228,1,45,,ForgeFlowResult,"_timestamp, _uniq, _safe_name, _rel, _out, _write_text, _write_json, _write_csv, _read_csv, _all_files, _code_files, _image_files, _wav_files, _act_files, _truthy, _int, _float, _discover_files, _backup_file, _set_text_state, _project_stats, write_flow_mode_dashboard, _anim_elem_from_values, _parent_state_events, _sound_pair, build_move_flow_model, export_move_flow_sheet, _format_air_line, _find_state_targets_for_anim, _insert_playsnd_block","FORGE_FLOW_VERSION, CODE_SUFFIXES, TEXT_SUFFIXES, IMAGE_SUFFIXES, AUDIO_SUFFIXES, GENERATED_PARTS",a3eb79ede606c20387510b4d0d2c9be7f4fc6c375c9773aa04f4be84e133c25a
mugenforge/forge_polish.py,55665,1029,1,44,,ForgePolishResult,"_timestamp, _uniq, _safe_name, _rel, _out, _write_text, _write_json, _write_csv, _read_csv, _all_files, _code_files, _image_files, _discover_files, _int, _truthy, _backup_text_file, write_beginner_next_steps_dashboard, _issue, _issues_markdown, validate_command_sheet, validate_air_batch_sheet, validate_all_edit_sheets, _anim_elem, _sound_pair, export_sound_cue_apply_sheet, _insert_playsnd, apply_sound_cue_sheet, _sprite_key_from_name, _sprite_source_lookup, build_sprite_backed_timeline_preview","FORGE_POLISH_VERSION, CODE_SUFFIXES, IMAGE_SUFFIXES, TEXT_SUFFIXES, SAFE_TEMPLATE_EXTS, BLOCKED_TEMPLATE_EXTS, SKIP_PARTS, GENERATED_PARTS",5415056ba9064ce3002cec3691f9b4894a90111de29f10d557bb8102eccac91e
mugenforge/forge_timeline.py,81371,1666,1,58,,ForgeTimelineResult,"_timestamp, _uniq, _safe_name, _rel, _out, _write_text, _write_json, _write_csv, _read_csv, _all_files, _code_files, _image_files, _palette_files, _discover_files, _int, _float, _truthy, _backup_text_file, _read_air_actions, _first_int_in, _parse_int_pair, _trigger_anim_elem, _state_records, _code_events, _events_by_anim, build_integrated_move_timeline_model, _timeline_html, _draw_integrated_timeline_png, export_move_timeline_edit_sheet, _replace_air_frame_lines","FORGE_TIMELINE_VERSION, CODE_SUFFIXES, TEXT_SUFFIXES, IMAGE_SUFFIXES, PALETTE_SUFFIXES, SKIP_PARTS, GENERATED_PARTS",bf3245e0b61f6d6132543cc9411abecdfea748580c8a404d561f1aeddda57990
mugenforge/gap_closer.py,56805,1133,1,44,,GapCloserResult,"_uniq, _now, _rel, _gap_dir, _write_text, _write_json, _write_csv, _read_csv, _backup_file, _sha256, _main_def, _project_files, _code_files, _char_name, _first_int, _numbers, write_gap_closer_dashboard, _limitation_status, probe_engine_profile, _guess_engine_kind, _recommended_profile_templates, _probe_command, build_source_runtime_model, _runtime_risk, _build_static_traces, build_engine_scenario_sessions, _scenario_rows, _slug, build_engine_backed_readiness_gate, _evidence_files","GAP_CLOSER_VERSION, CODE_EXTS, BINARY_EXTS, EVIDENCE_EXTS",88dc7832539a1a421053ad773461fe62ed363d13d07be6a052e85a25877bb380
mugenforge/handoff_core.py,25399,628,1,25,,HandoffResult,"_uniq, _rel, _out, _write, _write_json, _write_csv, _sha256, _iter_files, _module_summary, _find_app_title, _tab_names, _project_summary, _is_package_root, _package_root_for, collect_package_inventory, write_package_inventory, write_context_digest, _roadmap_rows, write_roadmap_backlog, write_honest_scope_ledger, write_next_chat_prompt, write_development_handoff, write_regression_harness, build_handoff_bundle, run_handoff_core_pass","HANDOFF_CORE_VERSION, TEXT_EXTS, SKIP_DIRS",448cb64ebef4d651628d8698c59c3e50c3add70b62db6ed4dcf8ef09382b9914
mugenforge/maintenance_core.py,38666,863,1,26,,MaintenanceResult,"_unique, _repo_root, _package_dir, _mc_dir, _rel, _write, _write_json, _write_csv, _sha256, _iter_files, _module_files, _safe_read, _parse_ast, _callable_signature, _unparse, _project_stats, write_maintainer_dashboard, write_module_api_catalog, write_ui_tab_inventory, write_release_lineage, write_honesty_claims_audit, write_regression_test_scripts, write_maintenance_backlog, write_handoff_for_next_chat, build_maintenance_bundle, run_maintenance_core_pass","MAINTENANCE_CORE_VERSION, TEXT_EXTS, DOC_EXTS, SKIP_DIRS",fe68517f1226c379006313b20a23c3a6c154c3c5e0a1cc272ed8def9f33f6bf4
mugenforge/move_wizard.py,9331,319,2,12,,"MoveWizardSpec, MoveWizardPackage","_safe_int, normalize_spec, command_block, attack_state_block, projectile_state_block, movement_state_block, air_block, build_move_package, find_def_file, find_character_file, append_block, append_move_to_project",,3cfc33072e55e4ab2e5e878fcc50d8a7da9503211c10aca8c3e98fb0d1b1bc1f
mugenforge/no_code_director.py,17861,365,1,14,,ArchetypeProfile,"archetype_names, _profile, archetype_preview_text, _merge, _write_text_if_changed, _write_csv, _dashboard_text, _sprite_rows, _move_rows, write_no_code_dashboard, _auto_build_placeholder_sff, _auto_build_placeholder_snd, one_click_playable_skeleton, no_code_director_summary",,a489c9041b2d7e94277307da0515674dea5babdd7e1d66621c99d1a823af11d9
mugenforge/no_code_workflow.py,1459,42,0,5,,,"write_creator_profile, build_placeholder_sff_from_air, build_placeholder_snd, beginner_doctor_report, make_playable_prototype",,42cf9ef8b8bfaf0f39a85ddb6dff28378a0c8ff925383acdd142a1dba1611d12
mugenforge/operator_console.py,35254,783,1,25,,OperatorResult,"_uniq, _rel, _now, _console_dir, _write, _write_json, _write_csv, _file_sha256, _all_project_files, _safe_read, _discover_main_files, _project_counts, _code_files, _text_files, _existing_report_dirs, inspect_project_state, _phase_status, _markdown_table, write_operator_dashboard, write_next_chat_handoff, write_operator_roadmap, write_decision_log_template, build_operator_context_bundle, write_release_readiness_packet, run_operator_console_pass","OPERATOR_CONSOLE_VERSION, TEXT_EXTS, BINARY_EXTS, SKIP_PARTS",9bd1da29c224f23be7aadc4e2363c2af7767b4bb45b85a683e4781bfae6de2cc
mugenforge/palette_tools.py,3005,90,1,7,,PaletteInfo,"_clamp, read_act, write_act, palette_to_json_text, write_palette_json, build_act_from_image, remap_palette_order",,c43058d91755ead95f163f373968ef3551644cfeac132e9058d213dcafa7b785
mugenforge/parsers.py,17845,398,9,14,,"DefSection, AirClsnBox, AirFrame, AirAction, CmdCommand, StateController, StateDef, CodeScan, ProjectAudit","read_text_safely, write_text_safely, strip_inline_comment, parse_def, parse_air, parse_code, referenced_files_from_def, resolve_reference, scan_project, summarize_sff, summarize_snd, summarize_act, summarize_binary, make_new_character","TEXT_EXTS, IMAGE_EXTS, CHAR_REQUIRED_EXTS, COMMON_ANIMS",d0380848ba0f5a4d36b61f2865c3fe477a679d9a217d6c8b04b0284461637744
mugenforge/polish_lab.py,3518,106,0,13,,,"run_polish_pass, preview_command_sheet_apply, preview_air_batch_sheet_apply, export_sound_cue_sheet, preview_sound_cue_sheet_apply, validate_sound_cue_sheet, write_sprite_timeline_preview, write_state_graph_canvas_model, validate_template_pack, write_stage_source_preview, write_backup_browser, write_beginner_dashboard_v41, build_polish_reports_bundle",POLISH_LAB_VERSION,0d4b97016d1f5c9ca574317ca3949e2b4f1d8b234412d6527a82691628d74b24
mugenforge/quality_lab.py,39892,808,1,28,,QualityLabResult,"_uniq, _safe_stem, _rel, _ql_dir, _write, _code_files, _read_code, _parse_numeric_pair, _first_int, _command_defs_and_uses, _state_defs_targets_and_anims, _hitdef_rows, _playsnd_refs, _def_file_references, build_reference_matrix, _matrix_score, write_advanced_audit, write_searchable_html_index, write_move_cards, _decode_sprite_image, _alpha_bbox, build_alpha_clsn_suggestions, write_alpha_clsn_air_copy, write_animation_timing_sheet, create_asset_swap_pack, create_backup_restore_bundle, write_beginner_fix_plan, run_quality_lab_pass","TEXT_EXTS, IMAGE_EXTS",01d36c23b1ced83931fe3ddcc2da242af50809b1d248cd99cdbdedd199b8435b
mugenforge/rescue_lab.py,18145,424,2,18,,"RescueAsset, RescueResult","_rel, _now, _discover_main_files, _write_json, _write_text, _find_pngs, _find_wavs, _pcx_candidate_offsets, _find_pcxs, scan_binary_for_embedded_assets, scan_project_embedded_assets, _load_embedded_manifest, _air_unique_sprite_refs, build_recovery_manifest_from_air, build_recovered_sff_v1, create_rescue_contact_sheet, write_beginner_rescue_plan, run_rescue_lab_pass","RESCUE_LAB_VERSION, IMAGE_EXTS, BINARY_EXTS",cce700a1f7e28edca4da218364a09a4008a5afa4ac6cd7bf8810509d7de8b022
mugenforge/runtime_lab.py,48012,1014,1,44,,RuntimeLabResult,"_uniq, _rel, _runtime_dir, _write, _write_json, _timestamp, _backup_text, _code_files, _main_def, _char_name, _discover_files, _read_runtime_config, _default_config, _csv_write, _csv_read, _commands, _states, _hitdefs, write_runtime_config_template, export_runtime_launch_profiles, _shell_quote, _bat_quote, build_runtime_launch_scripts, install_runtime_debug_overlay, write_runtime_test_plan, _candidate_log_paths, parse_runtime_logs, _sha256, build_runtime_evidence_index, write_runtime_regression_checklist","RUNTIME_LAB_VERSION, TEXT_CODE_EXTS, EVIDENCE_EXTS, LOG_PATTERNS",35201a7d9ff8c90de60abab4264d898e2a9f35aaa8bcda6bc20219800190ecb7
mugenforge/runtime_runner.py,2736,63,0,1,,,main,,fc565996e9fc3b88c57398e6fb1dc7cab27c12c4e46707a7a2dcc9fe339126e9
mugenforge/sff2_bridge.py,17806,396,1,15,,BridgeResult,"_rel, _write_text, _image_files, parse_group_image_from_name, _image_size, _axis_for, scan_image_folder_for_sprmake, _copy_images, write_sprmake2_def, write_sprmake2_bridge_project, run_sprmake2, export_current_sff1_to_sff2_source, inspect_sprmake2_def, create_sff2_source_pack_zip, write_sff2_bridge_guide",IMAGE_EXTS,f1e778dff3790876b6e4d2abd9aa552cb76b32a9b9558d99b392a233d20549d1
mugenforge/sff2_codec.py,37520,914,4,23,,"Sff2Error, Sff2PaletteRecord, Sff2SpriteRecord, Sff2Info","_u16, _i16, _u32, _safe_u32, _in_range, _looks_like_standard_sff2, read_sff2, _palette_payload, palette_rgba, _indices_to_rgba_image, decode_rle8_indices, encode_rle8_indices, _try_decode_rle5_indices, _unpack_5bit_indices, _try_decode_lz5_indices, decode_sprite_image, export_sff2_sprites, write_sff2_axis_sheet, patch_sff2_axis_copy, _image_to_payload, build_sff2_from_manifest, write_sff2_report, export_sff2_decoded_images","SFF_SIGNATURE, SFF2_VERSION_BYTES, SFF21_VERSION_BYTES, SFF2_SPRITE_RECORD_SIZE, SFF2_PALETTE_RECORD_SIZE, SFF2_HEADER_SIZE, FORMAT_NAMES",e8b7b62c88f2b2e983b6f5c03329810946cac2af05401b62b8eae1cd3cbce3f6
mugenforge/sff_codec.py,127732,2985,7,82,,"SffSprite, SffInfo, Sff2PaletteRecord, Sff2StandardRecord, Sff2PaletteRecord, Sff2ImageRecord, Sff2StandardInfo","_u32, _i16, _u16, read_sff, _safe_u32, _inspect_sff2_header, _find_all, sprite_lookup, export_sprite, export_all_sprites, try_convert_to_png, summarize_sff_detailed, _encode_image_to_pcx_bytes, _load_manifest_records, build_sff_v1_from_manifest, stage_sff_replacement_manifest, _load_replacement_records, build_sff_v1_from_replacement_manifest, summarize_replacement_manifest, summarize_manifest_for_sff, _mf_i16, _mf_u8, _mf_try_u32, _mf_plausible_range, _mf_parse_sff2_standard, _mf_unpack_payload, _mf_decode_rle_pairs, _mf_encode_rle_pairs, _mf_decode_lz5_stream, _mf_encode_lz5_literal","SFF_SIGNATURE, SFF2_FORMAT_NAMES, SFF2_NAME_TO_FORMAT, SFF2_IMAGE_FORMATS, SFF2_DECODABLE_FORMATS, SFF2_EXPERIMENTAL_FORMATS, SFF2_STANDARD_VERSIONS, SFF2_LEGACY_LITTLE_VERSION, SFF2_FORMAT_NAMES, SFF2_NAME_TO_FORMAT",fabebe4a9e032982d8eb487a200bd1ab30a54cd02000fc2250f76daba295c4da
mugenforge/snd_codec.py,14958,378,2,16,,"SndSound, SndInfo","_u32, _i32, _u16, _parse_wave_fmt, _infer_legacy_ids, read_snd, export_sound, export_all_sounds, _id_from_filename, make_snd_manifest_from_wav_folder, _load_snd_manifest, build_snd_from_manifest, summarize_snd_manifest, summarize_snd_detailed, make_silent_wav, make_placeholder_sound_bank","SND_SIGNATURE, MUGENFORGE_SND_HEADER_SIZE, MUGENFORGE_SND_FIRST_OFFSET",0056633724d4e42ad47f2a9b4836aca27383f53c373cd2d4e20eaa25bc804756
mugenforge/spritesheet_tools.py,4117,126,1,6,,SheetSlice,"require_pillow, compute_grid_slices, export_grid_slices, write_manifest, make_air_action_from_slices, make_preview_image",,789c26d04b4d5f434422f9a3e27c40fce1fdd8f0f25b11e517e7773d4a5d33a9
mugenforge/studio_plus.py,36516,879,1,28,,StudioPlusResult,"_now_tag, _backup, _safe_rel, _main_def, _def_file_paths, _feature_markers, _action_numbers, _air_sprite_refs, _state_numbers, _score_from_findings, project_findings, _duplicate_report, studio_plus_report_text, write_studio_plus_report, write_studio_plus_report_json, _common_action_block, append_missing_standard_air_actions, auto_fix_project_plus, write_beginner_docs, make_project_snapshot, build_release_zip_plus, create_sff_contact_sheet, export_action_gif, batch_import_sprite_folder_to_sff, _infer_group_image, generate_air_from_sff_groups, clone_air_action_variant, make_stage_template",,6c049672e41eb7b46b8aa0ece940148ee5dcf674939a991dfe6c598cacb42e29
mugenforge/visual_forge.py,41262,950,5,34,,"VisualForgeResult, BeginnerProjectSpec, TimelineSelection, SoundCueSpec, MigrationSpec","_safe_name, _timestamp, _uniq, _rel, _vf_dir, _docs_dir, _write_text, _write_json, backup_file, log_error, _replace_or_add_kv, _int, _first_int, create_visual_forge_project, write_beginner_project_home, _code_files, _extract_anim_elem, _collect_code_events, build_visual_timeline_model, write_visual_timeline_manifest, _format_air_frame_line, update_air_frame_ticks, update_air_frame_offset, build_sprite_offset_model, write_sound_cue_manifest, add_sound_cue_controller, compose_move2, migrate_existing_character, install_training_debug_pack, install_template_architecture","VISUAL_FORGE_VERSION, TEXT_SUFFIXES, IMAGE_SUFFIXES, AUDIO_SUFFIXES, SKIP_BACKUP_PARTS",671de65c40ace4f33e99dad78a956bf1690d4a37f74a7a3e05d9ef55d8e00e3d
tools/package_release.py,1256,42,0,3,,,"_find_root, should_skip, main","ROOT, OUT, SKIP_PARTS, SKIP_SUFFIXES",29d8d01d97a6ed07aeeff0ae6891c6b341fa922a059711508d3da5b02791317e
tools/print_latest_handoff.py,557,16,0,1,,,_find_root,"ROOT, CANDIDATES",db36396fc6bc1b9062c9aa0cc1a172e9f72adb10bc947bbd0acfd4371c422a89
tools/run_mugenforge_smoke.py,1896,53,0,3,,,"_find_root, run, main",ROOT,8c7ec2c567c79a543174e2f8ad1b319d0d0f05d20041c2262304f1199293ab51
